연령,구분,은평구_인구수,은평구_구성비,은평구_성비,녹번동_인구수,녹번동_구성비,녹번동_성비,불광제1동_인구수,불광제1동_구성비,불광제1동_성비,불광제2동_인구수,불광제2동_구성비,불광제2동_성비,갈현제1동_인구수,갈현제1동_구성비,갈현제1동_성비,갈현제2동_인구수,갈현제2동_구성비,갈현제2동_성비,구산동_인구수,구산동_구성비,구산동_성비,대조동_인구수,대조동_구성비,대조동_성비,응암제1동_인구수,응암제1동_구성비,응암제1동_성비,응암제2동_인구수,응암제2동_구성비,응암제2동_성비,응암제3동_인구수,응암제3동_구성비,응암제3동_성비,역촌동_인구수,역촌동_구성비,역촌동_성비,신사제1동_인구수,신사제1동_구성비,신사제1동_성비,신사제2동_인구수,신사제2동_구성비,신사제2동_성비,증산동_인구수,증산동_구성비,증산동_성비,수색동_인구수,수색동_구성비,수색동_성비,진관동_인구수,진관동_구성비,진관동_성비
0세,남,886,0.41,,78,0.47,,59,0.34,,34,0.27,,13,0.19,,25,0.19,,38,0.25,,67,0.53,,79,0.53,,81,0.62,,22,0.2,,79,0.38,,42,0.34,,32,0.35,,46,0.6,,111,1.09,,80,0.32,
0세,여,876,0.36,,73,0.38,,73,0.37,,33,0.24,,14,0.19,,22,0.15,,27,0.17,,55,0.37,,80,0.47,,97,0.69,,35,0.29,,62,0.27,,39,0.29,,43,0.45,,35,0.43,,111,1.01,,77,0.27,
1세,남,886,0.41,,85,0.51,,68,0.39,,22,0.17,,19,0.28,,31,0.24,,35,0.23,,40,0.32,,80,0.53,,89,0.68,,28,0.25,,83,0.4,,53,0.43,,34,0.37,,34,0.44,,84,0.82,,101,0.41,
1세,여,793,0.33,,73,0.38,,69,0.35,,32,0.23,,11,0.15,,25,0.17,,26,0.16,,39,0.27,,85,0.49,,98,0.7,,27,0.22,,42,0.18,,48,0.35,,22,0.23,,32,0.39,,82,0.75,,82,0.29,
2세,남,1017,0.47,,80,0.48,,96,0.55,,24,0.19,,13,0.19,,34,0.26,,54,0.36,,35,0.28,,119,0.79,,134,1.02,,25,0.22,,74,0.36,,39,0.31,,38,0.41,,47,0.61,,97,0.95,,108,0.44,
2세,여,921,0.38,,105,0.55,,93,0.47,,27,0.2,,9,0.12,,41,0.28,,51,0.32,,29,0.2,,75,0.44,,106,0.75,,34,0.28,,67,0.29,,40,0.29,,24,0.25,,37,0.45,,88,0.8,,95,0.33,
3세,남,1015,0.47,,102,0.62,,72,0.41,,29,0.23,,16,0.23,,41,0.32,,51,0.34,,39,0.31,,93,0.62,,114,0.87,,24,0.21,,61,0.3,,49,0.39,,39,0.42,,53,0.69,,93,0.91,,139,0.56,
3세,여,918,0.38,,96,0.51,,67,0.34,,27,0.2,,20,0.27,,27,0.19,,47,0.29,,25,0.17,,79,0.46,,109,0.78,,25,0.21,,87,0.37,,31,0.23,,29,0.31,,45,0.55,,84,0.77,,120,0.42,
4세,남,1018,0.47,,90,0.54,,98,0.56,,37,0.29,,19,0.28,,39,0.3,,50,0.33,,31,0.25,,84,0.56,,130,0.99,,29,0.26,,64,0.31,,44,0.35,,34,0.37,,46,0.6,,86,0.84,,137,0.55,
4세,여,959,0.4,,99,0.52,,77,0.39,,36,0.26,,15,0.2,,27,0.19,,34,0.21,,28,0.19,,73,0.42,,119,0.85,,29,0.24,,73,0.31,,44,0.32,,25,0.26,,51,0.62,,87,0.8,,142,0.49,
5세,남,1102,0.51,,78,0.47,,92,0.53,,36,0.28,,24,0.35,,34,0.26,,56,0.37,,40,0.32,,81,0.54,,157,1.2,,32,0.29,,89,0.43,,50,0.4,,37,0.4,,51,0.67,,87,0.85,,158,0.64,
5세,여,1015,0.42,,91,0.48,,60,0.3,,22,0.16,,19,0.26,,46,0.32,,56,0.35,,30,0.2,,86,0.5,,110,0.78,,28,0.23,,75,0.32,,60,0.44,,30,0.32,,50,0.61,,100,0.91,,152,0.53,
6세,남,1102,0.51,,89,0.54,,90,0.52,,33,0.26,,23,0.34,,65,0.51,,43,0.29,,32,0.25,,107,0.71,,112,0.86,,32,0.29,,81,0.39,,53,0.43,,44,0.48,,47,0.61,,81,0.8,,170,0.69,
6세,여,1148,0.47,,82,0.43,,77,0.39,,39,0.28,,17,0.23,,61,0.42,,41,0.26,,37,0.25,,99,0.58,,145,1.03,,39,0.32,,97,0.42,,51,0.37,,48,0.51,,44,0.54,,90,0.82,,181,0.63,
7세,남,1248,0.57,,107,0.65,,75,0.43,,43,0.34,,25,0.37,,59,0.46,,77,0.51,,38,0.3,,113,0.75,,152,1.16,,31,0.28,,99,0.48,,77,0.62,,38,0.41,,37,0.48,,79,0.78,,198,0.8,
7세,여,1222,0.5,,103,0.54,,83,0.42,,38,0.28,,22,0.3,,60,0.41,,74,0.46,,37,0.25,,126,0.73,,141,1,,37,0.31,,79,0.34,,65,0.48,,40,0.42,,53,0.65,,99,0.91,,165,0.57,
8세,남,1460,0.67,,101,0.61,,103,0.59,,47,0.37,,34,0.5,,69,0.54,,95,0.63,,68,0.54,,126,0.84,,149,1.14,,38,0.34,,113,0.55,,70,0.56,,51,0.55,,67,0.87,,84,0.82,,245,0.99,
8세,여,1380,0.57,,119,0.63,,105,0.53,,42,0.3,,30,0.41,,57,0.39,,87,0.54,,43,0.29,,99,0.58,,160,1.14,,38,0.32,,113,0.48,,72,0.53,,43,0.45,,54,0.66,,92,0.84,,226,0.79,
9세,남,1551,0.71,,110,0.66,,89,0.51,,63,0.49,,41,0.6,,85,0.66,,91,0.6,,61,0.49,,141,0.94,,176,1.34,,48,0.43,,115,0.56,,68,0.55,,69,0.75,,55,0.72,,90,0.88,,249,1,
9세,여,1539,0.63,,121,0.64,,116,0.58,,60,0.43,,24,0.33,,79,0.55,,98,0.61,,49,0.33,,147,0.85,,163,1.16,,47,0.39,,143,0.61,,70,0.51,,55,0.58,,44,0.54,,81,0.74,,242,0.84,
10세,남,1540,0.71,,120,0.72,,114,0.65,,43,0.34,,43,0.63,,70,0.54,,103,0.68,,64,0.51,,120,0.8,,154,1.18,,53,0.47,,144,0.7,,75,0.6,,53,0.57,,50,0.65,,73,0.72,,261,1.05,
10세,여,1451,0.6,,126,0.66,,103,0.52,,54,0.39,,18,0.24,,81,0.56,,107,0.67,,61,0.42,,118,0.69,,137,0.98,,49,0.41,,129,0.55,,67,0.49,,50,0.53,,46,0.56,,55,0.5,,250,0.87,
11세,남,1566,0.72,,113,0.68,,134,0.77,,49,0.38,,51,0.75,,92,0.72,,90,0.6,,58,0.46,,111,0.74,,183,1.4,,50,0.45,,122,0.59,,72,0.58,,57,0.62,,31,0.4,,74,0.73,,279,1.13,
11세,여,1481,0.61,,95,0.5,,100,0.5,,50,0.36,,31,0.42,,82,0.57,,91,0.57,,57,0.39,,119,0.69,,161,1.15,,44,0.37,,122,0.52,,89,0.65,,62,0.65,,31,0.38,,66,0.6,,281,0.98,
12세,남,1756,0.8,,114,0.69,,113,0.65,,80,0.63,,43,0.63,,98,0.76,,98,0.65,,55,0.44,,133,0.89,,177,1.35,,74,0.66,,167,0.81,,70,0.56,,62,0.67,,53,0.69,,70,0.69,,349,1.41,
12세,여,1668,0.69,,101,0.53,,110,0.55,,56,0.41,,53,0.72,,105,0.73,,107,0.67,,61,0.42,,131,0.76,,166,1.18,,57,0.47,,171,0.73,,78,0.57,,54,0.57,,49,0.6,,56,0.51,,313,1.09,
13세,남,1682,0.77,,82,0.49,,109,0.62,,59,0.46,,50,0.73,,90,0.7,,122,0.81,,65,0.52,,122,0.81,,159,1.21,,48,0.43,,148,0.72,,84,0.68,,71,0.77,,50,0.65,,57,0.56,,366,1.48,
13세,여,1639,0.68,,116,0.61,,90,0.45,,68,0.49,,43,0.58,,97,0.67,,127,0.79,,65,0.44,,114,0.66,,133,0.95,,52,0.43,,136,0.58,,87,0.64,,53,0.56,,44,0.54,,67,0.61,,347,1.21,
14세,남,1769,0.81,,93,0.56,,134,0.77,,64,0.5,,49,0.72,,116,0.9,,119,0.79,,57,0.45,,128,0.85,,141,1.08,,56,0.5,,156,0.76,,89,0.72,,81,0.88,,60,0.78,,58,0.57,,368,1.48,
14세,여,1716,0.71,,104,0.55,,114,0.57,,71,0.51,,42,0.57,,97,0.67,,113,0.71,,63,0.43,,120,0.7,,127,0.9,,75,0.62,,150,0.64,,72,0.53,,65,0.69,,75,0.92,,67,0.61,,361,1.26,
15세,남,1706,0.78,,86,0.52,,108,0.62,,57,0.45,,51,0.75,,114,0.89,,111,0.74,,69,0.55,,124,0.83,,134,1.02,,59,0.53,,142,0.69,,85,0.68,,64,0.69,,71,0.93,,50,0.49,,381,1.54,
15세,여,1644,0.68,,92,0.48,,101,0.51,,52,0.38,,45,0.61,,94,0.65,,145,0.91,,57,0.39,,125,0.73,,109,0.78,,48,0.4,,145,0.62,,82,0.6,,58,0.61,,57,0.7,,59,0.54,,375,1.31,
16세,남,1801,0.83,,107,0.65,,116,0.66,,79,0.62,,42,0.62,,119,0.93,,120,0.8,,66,0.53,,113,0.75,,129,0.99,,56,0.5,,151,0.73,,96,0.77,,73,0.79,,54,0.7,,85,0.83,,395,1.59,
16세,여,1754,0.72,,116,0.61,,96,0.48,,76,0.55,,48,0.65,,126,0.87,,142,0.89,,65,0.44,,114,0.66,,117,0.83,,61,0.51,,169,0.72,,88,0.65,,56,0.59,,59,0.72,,60,0.55,,361,1.26,
17세,남,2029,0.93,,102,0.62,,136,0.78,,106,0.83,,51,0.75,,123,0.96,,131,0.87,,86,0.68,,154,1.03,,138,1.05,,82,0.73,,187,0.91,,95,0.77,,82,0.89,,83,1.08,,89,0.87,,384,1.55,
17세,여,1868,0.77,,91,0.48,,125,0.63,,75,0.54,,52,0.71,,132,0.91,,131,0.82,,67,0.46,,128,0.74,,124,0.88,,53,0.44,,177,0.76,,94,0.69,,68,0.72,,66,0.81,,82,0.75,,403,1.4,
18세,남,1876,0.86,,103,0.62,,125,0.72,,90,0.71,,51,0.75,,124,0.97,,143,0.95,,58,0.46,,145,0.97,,93,0.71,,65,0.58,,163,0.79,,113,0.91,,90,0.97,,68,0.89,,88,0.86,,357,1.44,
18세,여,1818,0.75,,103,0.54,,105,0.53,,77,0.56,,45,0.61,,119,0.82,,153,0.96,,93,0.63,,114,0.66,,94,0.67,,65,0.54,,162,0.69,,108,0.79,,74,0.78,,65,0.79,,84,0.77,,357,1.24,
19세,남,1830,0.84,,99,0.6,,124,0.71,,80,0.63,,45,0.66,,125,0.97,,132,0.88,,72,0.57,,151,1.01,,115,0.88,,91,0.81,,142,0.69,,98,0.79,,66,0.71,,69,0.9,,85,0.83,,336,1.36,
19세,여,1705,0.7,,106,0.56,,138,0.7,,78,0.57,,51,0.69,,114,0.79,,127,0.79,,97,0.66,,127,0.74,,80,0.57,,57,0.47,,152,0.65,,85,0.62,,60,0.63,,62,0.76,,103,0.94,,268,0.93,
20세,남,2005,0.92,,125,0.75,,148,0.85,,112,0.88,,60,0.88,,107,0.83,,153,1.02,,95,0.76,,150,1,,106,0.81,,76,0.68,,166,0.81,,101,0.81,,84,0.91,,80,1.04,,113,1.11,,329,1.33,
20세,여,2084,0.86,,169,0.89,,162,0.82,,90,0.65,,51,0.69,,137,0.95,,141,0.88,,133,0.91,,167,0.97,,101,0.72,,87,0.72,,175,0.75,,99,0.73,,79,0.83,,77,0.94,,98,0.9,,318,1.11,
21세,남,2201,1.01,,145,0.87,,170,0.97,,112,0.88,,72,1.05,,153,1.19,,160,1.06,,97,0.77,,127,0.85,,99,0.76,,114,1.02,,188,0.91,,128,1.03,,95,1.03,,88,1.15,,136,1.34,,317,1.28,
21세,여,2207,0.91,,138,0.73,,140,0.71,,129,0.93,,78,1.06,,165,1.14,,159,0.99,,149,1.01,,161,0.94,,115,0.82,,107,0.89,,188,0.8,,118,0.87,,72,0.76,,83,1.01,,98,0.9,,307,1.07,
22세,남,2171,0.99,,141,0.85,,161,0.92,,119,0.93,,82,1.2,,107,0.83,,171,1.14,,117,0.93,,134,0.89,,118,0.9,,95,0.85,,188,0.91,,149,1.2,,103,1.12,,82,1.07,,127,1.25,,277,1.12,
22세,여,2355,0.97,,181,0.95,,200,1.01,,137,0.99,,67,0.91,,157,1.09,,166,1.04,,163,1.11,,171,0.99,,96,0.68,,107,0.89,,201,0.86,,131,0.96,,86,0.91,,88,1.07,,89,0.81,,315,1.1,
23세,남,2380,1.09,,166,1,,159,0.91,,121,0.95,,72,1.05,,168,1.31,,167,1.11,,145,1.15,,156,1.04,,109,0.83,,132,1.18,,248,1.21,,147,1.18,,94,1.02,,97,1.27,,126,1.24,,273,1.1,
23세,여,2713,1.12,,188,0.99,,209,1.05,,138,1,,85,1.16,,184,1.27,,222,1.39,,220,1.5,,205,1.19,,92,0.65,,140,1.17,,249,1.07,,160,1.18,,90,0.95,,90,1.1,,118,1.08,,323,1.13,
24세,남,2798,1.28,,196,1.18,,215,1.23,,177,1.39,,80,1.17,,188,1.46,,177,1.18,,188,1.5,,197,1.32,,117,0.89,,142,1.27,,293,1.42,,161,1.3,,109,1.18,,101,1.32,,146,1.43,,311,1.25,
24세,여,3329,1.37,,243,1.28,,238,1.2,,218,1.58,,123,1.67,,216,1.49,,232,1.45,,281,1.91,,246,1.43,,121,0.86,,168,1.4,,294,1.26,,191,1.4,,115,1.21,,107,1.31,,130,1.19,,406,1.41,
25세,남,2891,1.32,,221,1.33,,225,1.29,,207,1.62,,105,1.54,,200,1.56,,179,1.19,,200,1.59,,178,1.19,,131,1,,164,1.47,,292,1.42,,170,1.37,,111,1.2,,100,1.3,,126,1.24,,282,1.14,
25세,여,3453,1.42,,237,1.25,,269,1.36,,210,1.52,,113,1.54,,233,1.61,,229,1.43,,346,2.35,,268,1.56,,139,0.99,,163,1.36,,324,1.39,,197,1.45,,118,1.25,,113,1.38,,123,1.12,,371,1.29,
26세,남,2913,1.33,,190,1.15,,235,1.35,,213,1.67,,106,1.55,,195,1.52,,198,1.32,,225,1.79,,184,1.23,,103,0.79,,195,1.74,,271,1.32,,175,1.41,,129,1.4,,103,1.34,,117,1.15,,274,1.11,
26세,여,3614,1.49,,284,1.49,,295,1.49,,196,1.42,,100,1.36,,233,1.61,,228,1.43,,391,2.66,,283,1.65,,114,0.81,,195,1.62,,333,1.42,,192,1.41,,131,1.38,,111,1.36,,131,1.2,,397,1.38,
27세,남,3174,1.45,,237,1.43,,263,1.51,,239,1.87,,120,1.76,,186,1.45,,204,1.36,,255,2.03,,191,1.28,,125,0.95,,180,1.61,,328,1.59,,231,1.86,,130,1.41,,104,1.36,,123,1.21,,258,1.04,
27세,여,3996,1.65,,308,1.62,,318,1.6,,266,1.93,,141,1.92,,280,1.94,,236,1.48,,406,2.76,,265,1.54,,133,0.95,,220,1.83,,369,1.58,,205,1.51,,141,1.49,,124,1.51,,157,1.44,,427,1.49,
28세,남,3294,1.51,,254,1.53,,307,1.76,,235,1.84,,116,1.7,,212,1.65,,216,1.44,,298,2.37,,217,1.45,,127,0.97,,197,1.76,,311,1.51,,207,1.67,,138,1.49,,75,0.98,,146,1.43,,238,0.96,
28세,여,4079,1.68,,290,1.53,,354,1.78,,240,1.74,,144,1.96,,245,1.69,,249,1.56,,433,2.95,,307,1.78,,140,1,,212,1.77,,376,1.61,,222,1.63,,139,1.47,,118,1.44,,154,1.41,,456,1.59,
29세,남,3537,1.62,,254,1.53,,275,1.57,,244,1.91,,147,2.15,,230,1.79,,244,1.62,,303,2.41,,223,1.49,,132,1.01,,215,1.92,,373,1.81,,212,1.71,,168,1.82,,100,1.3,,137,1.34,,280,1.13,
29세,여,4092,1.69,,304,1.6,,335,1.69,,260,1.88,,138,1.88,,225,1.56,,271,1.69,,407,2.77,,322,1.87,,153,1.09,,211,1.76,,411,1.76,,218,1.6,,147,1.55,,118,1.44,,172,1.57,,400,1.39,
30세,남,3688,1.69,,290,1.75,,314,1.8,,256,2.01,,139,2.04,,236,1.84,,221,1.47,,334,2.66,,235,1.57,,134,1.02,,214,1.91,,376,1.83,,222,1.79,,187,2.02,,104,1.36,,137,1.34,,289,1.17,
30세,여,4013,1.65,,306,1.61,,320,1.61,,279,2.02,,123,1.67,,227,1.57,,219,1.37,,424,2.89,,290,1.69,,164,1.17,,207,1.72,,381,1.63,,211,1.55,,161,1.7,,122,1.49,,194,1.77,,385,1.34,
31세,남,3596,1.65,,274,1.65,,321,1.84,,236,1.85,,136,1.99,,197,1.53,,225,1.5,,336,2.68,,240,1.6,,131,1,,219,1.96,,373,1.81,,217,1.75,,148,1.6,,109,1.42,,162,1.59,,272,1.1,
31세,여,4021,1.66,,325,1.71,,299,1.51,,245,1.77,,147,2,,221,1.53,,226,1.41,,392,2.67,,280,1.63,,181,1.29,,184,1.53,,411,1.76,,235,1.73,,168,1.77,,138,1.69,,196,1.79,,373,1.3,
32세,남,3800,1.74,,302,1.82,,294,1.68,,256,2.01,,131,1.92,,236,1.84,,254,1.69,,352,2.8,,253,1.69,,175,1.34,,207,1.85,,354,1.72,,239,1.92,,150,1.62,,124,1.62,,191,1.88,,282,1.14,
32세,여,3923,1.62,,312,1.64,,300,1.51,,231,1.67,,125,1.7,,204,1.41,,218,1.36,,391,2.66,,307,1.78,,202,1.44,,195,1.62,,361,1.54,,209,1.54,,153,1.61,,130,1.59,,209,1.91,,376,1.31,
33세,남,3538,1.62,,289,1.74,,325,1.86,,217,1.7,,118,1.73,,198,1.54,,208,1.38,,310,2.47,,260,1.74,,193,1.47,,202,1.81,,299,1.45,,183,1.47,,157,1.7,,128,1.67,,182,1.79,,269,1.09,
33세,여,3711,1.53,,338,1.78,,300,1.51,,201,1.46,,111,1.51,,208,1.44,,229,1.43,,275,1.87,,305,1.77,,197,1.4,,165,1.37,,342,1.46,,208,1.53,,127,1.34,,118,1.44,,216,1.97,,371,1.29,
34세,남,3317,1.52,,310,1.87,,292,1.67,,209,1.64,,108,1.58,,159,1.24,,191,1.27,,259,2.06,,238,1.59,,171,1.31,,173,1.55,,325,1.58,,174,1.4,,139,1.51,,126,1.64,,198,1.94,,245,0.99,
34세,여,3282,1.35,,318,1.67,,250,1.26,,182,1.32,,87,1.18,,159,1.1,,176,1.1,,260,1.77,,268,1.56,,233,1.66,,152,1.27,,291,1.25,,152,1.12,,115,1.21,,127,1.55,,206,1.88,,306,1.07,
35세,남,3023,1.39,,221,1.33,,247,1.41,,175,1.37,,91,1.33,,184,1.43,,175,1.16,,233,1.86,,243,1.62,,178,1.36,,150,1.34,,284,1.38,,182,1.47,,118,1.28,,91,1.19,,209,2.05,,242,0.98,
35세,여,3083,1.27,,259,1.36,,249,1.26,,156,1.13,,82,1.12,,161,1.11,,182,1.14,,194,1.32,,243,1.41,,230,1.64,,137,1.14,,270,1.16,,185,1.36,,111,1.17,,113,1.38,,186,1.7,,325,1.13,
36세,남,3003,1.38,,277,1.67,,238,1.36,,166,1.3,,95,1.39,,154,1.2,,157,1.04,,236,1.88,,225,1.5,,190,1.45,,156,1.39,,273,1.33,,164,1.32,,125,1.35,,105,1.37,,198,1.94,,244,0.98,
36세,여,3022,1.25,,260,1.37,,247,1.24,,120,0.87,,92,1.25,,130,0.9,,146,0.91,,200,1.36,,258,1.5,,233,1.66,,134,1.12,,283,1.21,,184,1.35,,120,1.27,,113,1.38,,199,1.82,,303,1.06,
37세,남,2742,1.26,,230,1.39,,204,1.17,,162,1.27,,76,1.11,,144,1.12,,139,0.92,,176,1.4,,231,1.54,,202,1.54,,126,1.13,,247,1.2,,158,1.27,,117,1.27,,116,1.51,,191,1.88,,223,0.9,
37세,여,2985,1.23,,254,1.34,,259,1.31,,148,1.07,,85,1.16,,147,1.02,,156,0.98,,170,1.16,,263,1.53,,246,1.75,,117,0.97,,260,1.11,,159,1.17,,107,1.13,,107,1.31,,166,1.52,,341,1.19,
38세,남,2811,1.29,,230,1.39,,214,1.22,,149,1.17,,96,1.41,,138,1.07,,178,1.18,,179,1.43,,246,1.64,,231,1.76,,137,1.22,,214,1.04,,154,1.24,,127,1.38,,109,1.42,,160,1.57,,249,1,
38세,여,2931,1.21,,248,1.31,,241,1.21,,147,1.06,,59,0.8,,170,1.18,,154,0.96,,178,1.21,,241,1.4,,236,1.68,,124,1.03,,275,1.18,,163,1.2,,96,1.01,,94,1.15,,180,1.65,,325,1.13,
39세,남,2878,1.32,,262,1.58,,242,1.39,,142,1.11,,79,1.16,,164,1.28,,150,1,,166,1.32,,241,1.61,,231,1.76,,148,1.32,,265,1.29,,166,1.34,,111,1.2,,103,1.34,,156,1.53,,252,1.02,
39세,여,2954,1.22,,250,1.32,,246,1.24,,126,0.91,,76,1.03,,158,1.09,,161,1.01,,144,0.98,,251,1.46,,280,1.99,,118,0.98,,243,1.04,,147,1.08,,105,1.11,,107,1.31,,172,1.57,,370,1.29,
40세,남,2885,1.32,,242,1.46,,217,1.24,,148,1.16,,74,1.08,,169,1.32,,172,1.14,,156,1.24,,235,1.57,,251,1.92,,157,1.4,,260,1.26,,164,1.32,,117,1.27,,104,1.36,,176,1.73,,243,0.98,
40세,여,2979,1.23,,243,1.28,,212,1.07,,148,1.07,,63,0.86,,146,1.01,,181,1.13,,171,1.16,,213,1.24,,248,1.77,,134,1.12,,282,1.21,,179,1.31,,102,1.08,,106,1.29,,181,1.65,,370,1.29,
41세,남,3381,1.55,,312,1.88,,256,1.47,,161,1.26,,92,1.35,,177,1.38,,218,1.45,,173,1.38,,251,1.68,,279,2.13,,151,1.35,,330,1.6,,197,1.59,,137,1.48,,133,1.74,,203,1.99,,311,1.25,
41세,여,3325,1.37,,280,1.47,,270,1.36,,166,1.2,,82,1.12,,172,1.19,,189,1.18,,177,1.2,,281,1.63,,307,2.19,,130,1.08,,309,1.32,,185,1.36,,135,1.42,,112,1.37,,140,1.28,,390,1.36,
42세,남,3471,1.59,,280,1.69,,262,1.5,,175,1.37,,101,1.48,,185,1.44,,210,1.4,,161,1.28,,272,1.82,,320,2.44,,156,1.39,,327,1.59,,186,1.5,,165,1.79,,118,1.54,,185,1.82,,368,1.48,
42세,여,3519,1.45,,282,1.48,,247,1.24,,154,1.12,,102,1.39,,182,1.26,,250,1.56,,166,1.13,,283,1.65,,309,2.2,,144,1.2,,371,1.59,,178,1.31,,130,1.37,,113,1.38,,163,1.49,,445,1.55,
43세,남,3677,1.69,,297,1.79,,270,1.55,,209,1.64,,100,1.46,,207,1.61,,262,1.74,,180,1.43,,295,1.97,,311,2.38,,180,1.61,,337,1.64,,189,1.52,,140,1.52,,127,1.66,,185,1.82,,388,1.57,
43세,여,3574,1.47,,268,1.41,,295,1.49,,152,1.1,,102,1.39,,205,1.42,,202,1.26,,172,1.17,,295,1.72,,329,2.34,,143,1.19,,350,1.5,,186,1.37,,143,1.51,,118,1.44,,147,1.34,,467,1.63,
44세,남,3505,1.61,,282,1.7,,223,1.28,,183,1.43,,92,1.35,,197,1.53,,208,1.38,,194,1.55,,263,1.76,,295,2.25,,172,1.54,,380,1.85,,198,1.59,,149,1.61,,103,1.34,,156,1.53,,410,1.65,
44세,여,3635,1.5,,282,1.48,,270,1.36,,176,1.27,,112,1.52,,205,1.42,,219,1.37,,185,1.26,,272,1.58,,282,2.01,,157,1.31,,379,1.62,,181,1.33,,129,1.36,,122,1.49,,152,1.39,,512,1.78,
45세,남,3438,1.58,,282,1.7,,257,1.47,,178,1.39,,92,1.35,,201,1.56,,218,1.45,,183,1.46,,262,1.75,,272,2.08,,170,1.52,,332,1.61,,177,1.43,,131,1.42,,111,1.45,,127,1.25,,445,1.79,
45세,여,3618,1.49,,297,1.56,,287,1.45,,158,1.14,,75,1.02,,187,1.29,,226,1.41,,158,1.08,,286,1.66,,309,2.2,,131,1.09,,368,1.57,,203,1.49,,138,1.46,,116,1.42,,146,1.33,,533,1.86,
46세,남,2928,1.34,,245,1.48,,187,1.07,,142,1.11,,83,1.22,,182,1.42,,180,1.2,,144,1.15,,222,1.48,,267,2.04,,130,1.16,,301,1.46,,164,1.32,,128,1.39,,96,1.25,,117,1.15,,340,1.37,
46세,여,3061,1.26,,223,1.17,,222,1.12,,149,1.08,,86,1.17,,184,1.27,,203,1.27,,145,0.99,,230,1.34,,228,1.62,,139,1.16,,285,1.22,,158,1.16,,120,1.27,,100,1.22,,125,1.14,,464,1.62,
47세,남,3323,1.52,,224,1.35,,283,1.62,,162,1.27,,116,1.7,,190,1.48,,219,1.46,,206,1.64,,264,1.76,,248,1.89,,143,1.28,,310,1.51,,171,1.38,,138,1.49,,94,1.23,,151,1.48,,404,1.63,
47세,여,3464,1.43,,232,1.22,,255,1.29,,167,1.21,,97,1.32,,211,1.46,,221,1.38,,189,1.29,,251,1.46,,241,1.72,,145,1.21,,353,1.51,,190,1.4,,136,1.44,,111,1.36,,139,1.27,,526,1.83,
48세,남,3238,1.48,,232,1.4,,246,1.41,,170,1.33,,83,1.22,,197,1.53,,232,1.54,,159,1.27,,234,1.56,,260,1.99,,150,1.34,,345,1.68,,175,1.41,,98,1.06,,113,1.47,,114,1.12,,430,1.73,
48세,여,3299,1.36,,226,1.19,,274,1.38,,162,1.17,,94,1.28,,214,1.48,,193,1.21,,163,1.11,,249,1.45,,237,1.69,,129,1.07,,313,1.34,,184,1.35,,115,1.21,,103,1.26,,140,1.28,,503,1.75,
49세,남,3294,1.51,,246,1.48,,247,1.41,,181,1.42,,111,1.63,,202,1.57,,229,1.52,,152,1.21,,229,1.53,,232,1.77,,128,1.14,,307,1.49,,186,1.5,,132,1.43,,97,1.27,,138,1.35,,477,1.92,
49세,여,3613,1.49,,242,1.27,,268,1.35,,163,1.18,,86,1.17,,226,1.56,,240,1.5,,176,1.2,,276,1.6,,246,1.75,,164,1.37,,341,1.46,,193,1.42,,156,1.65,,117,1.43,,166,1.52,,553,1.93,
50세,남,3713,1.7,,257,1.55,,271,1.55,,179,1.4,,92,1.35,,212,1.65,,280,1.86,,176,1.4,,254,1.7,,246,1.88,,180,1.61,,353,1.72,,226,1.82,,138,1.49,,137,1.79,,164,1.61,,548,2.21,
50세,여,3919,1.61,,275,1.45,,282,1.42,,197,1.43,,125,1.7,,261,1.8,,257,1.61,,209,1.42,,296,1.72,,238,1.69,,169,1.41,,367,1.57,,211,1.55,,126,1.33,,142,1.73,,201,1.84,,563,1.96,
51세,남,3900,1.79,,292,1.76,,284,1.63,,201,1.58,,133,1.95,,244,1.9,,275,1.83,,180,1.43,,259,1.73,,259,1.98,,210,1.88,,374,1.82,,209,1.68,,160,1.73,,140,1.83,,161,1.58,,519,2.09,
51세,여,4156,1.71,,302,1.59,,300,1.51,,209,1.51,,134,1.82,,279,1.93,,305,1.91,,203,1.38,,280,1.63,,229,1.63,,185,1.54,,404,1.73,,230,1.69,,159,1.68,,145,1.77,,207,1.89,,585,2.04,
52세,남,3988,1.83,,265,1.6,,322,1.84,,231,1.81,,136,1.99,,234,1.82,,304,2.02,,191,1.52,,263,1.76,,229,1.75,,219,1.96,,386,1.88,,223,1.8,,157,1.7,,155,2.02,,183,1.8,,490,1.98,
52세,여,4119,1.7,,324,1.71,,322,1.62,,181,1.31,,136,1.85,,265,1.83,,331,2.07,,235,1.6,,254,1.48,,228,1.62,,184,1.53,,407,1.74,,255,1.87,,151,1.59,,156,1.91,,199,1.82,,491,1.71,
53세,남,4127,1.89,,314,1.89,,332,1.9,,234,1.83,,140,2.05,,235,1.83,,294,1.95,,227,1.81,,282,1.88,,221,1.69,,200,1.79,,370,1.8,,208,1.68,,181,1.96,,159,2.07,,195,1.91,,535,2.16,
53세,여,4463,1.84,,352,1.85,,376,1.9,,272,1.97,,128,1.74,,299,2.07,,303,1.89,,246,1.67,,302,1.76,,233,1.66,,214,1.78,,429,1.84,,229,1.68,,159,1.68,,168,2.05,,214,1.96,,539,1.88,
54세,남,3916,1.79,,271,1.63,,325,1.86,,239,1.87,,121,1.77,,239,1.86,,297,1.97,,190,1.51,,238,1.59,,202,1.54,,197,1.76,,372,1.81,,220,1.77,,159,1.72,,143,1.87,,200,1.96,,503,2.03,
54세,여,4269,1.76,,312,1.64,,353,1.78,,263,1.91,,136,1.85,,288,1.99,,303,1.89,,195,1.33,,284,1.65,,196,1.4,,204,1.7,,431,1.84,,243,1.78,,183,1.93,,149,1.82,,206,1.88,,523,1.82,
55세,남,3857,1.77,,283,1.71,,286,1.64,,235,1.84,,115,1.68,,239,1.86,,286,1.9,,219,1.74,,244,1.63,,195,1.49,,203,1.81,,348,1.69,,221,1.78,,177,1.92,,132,1.72,,178,1.75,,496,2,
55세,여,4196,1.73,,316,1.66,,370,1.86,,251,1.82,,131,1.78,,294,2.03,,297,1.86,,228,1.55,,315,1.83,,193,1.37,,186,1.55,,428,1.83,,266,1.95,,135,1.42,,143,1.75,,186,1.7,,457,1.59,
56세,남,3837,1.76,,304,1.83,,294,1.68,,217,1.7,,108,1.58,,256,1.99,,291,1.93,,191,1.52,,291,1.94,,186,1.42,,184,1.64,,367,1.78,,238,1.92,,144,1.56,,144,1.88,,179,1.76,,443,1.79,
56세,여,4071,1.68,,315,1.66,,345,1.74,,276,2,,138,1.88,,235,1.62,,278,1.74,,224,1.52,,281,1.63,,175,1.25,,189,1.57,,417,1.78,,247,1.81,,177,1.87,,135,1.65,,192,1.76,,447,1.56,
57세,남,3376,1.55,,256,1.54,,275,1.57,,209,1.64,,102,1.49,,221,1.72,,252,1.67,,194,1.55,,212,1.42,,185,1.41,,169,1.51,,324,1.57,,197,1.59,,144,1.56,,124,1.62,,150,1.47,,362,1.46,
57세,여,3914,1.61,,298,1.57,,359,1.81,,258,1.87,,117,1.59,,256,1.77,,303,1.89,,228,1.55,,253,1.47,,184,1.31,,192,1.6,,363,1.55,,232,1.7,,178,1.88,,115,1.4,,173,1.58,,405,1.41,
58세,남,3397,1.56,,249,1.5,,303,1.73,,218,1.71,,98,1.44,,222,1.73,,248,1.65,,193,1.54,,243,1.62,,163,1.24,,182,1.63,,319,1.55,,194,1.56,,141,1.53,,114,1.49,,174,1.71,,336,1.36,
58세,여,3425,1.41,,261,1.37,,304,1.53,,222,1.61,,115,1.56,,212,1.47,,244,1.53,,164,1.12,,214,1.24,,166,1.18,,173,1.44,,368,1.57,,220,1.62,,153,1.61,,123,1.5,,150,1.37,,336,1.17,
59세,남,3202,1.47,,260,1.57,,280,1.6,,224,1.76,,98,1.44,,206,1.6,,256,1.7,,166,1.32,,201,1.34,,142,1.08,,160,1.43,,310,1.51,,167,1.35,,135,1.46,,119,1.55,,157,1.54,,321,1.29,
59세,여,3753,1.55,,278,1.46,,332,1.67,,250,1.81,,132,1.8,,251,1.74,,272,1.7,,180,1.23,,227,1.32,,181,1.29,,215,1.79,,388,1.66,,211,1.55,,162,1.71,,113,1.38,,168,1.54,,393,1.37,
60세,남,3420,1.57,,233,1.41,,301,1.72,,189,1.48,,112,1.64,,220,1.71,,264,1.75,,201,1.6,,229,1.53,,148,1.13,,200,1.79,,344,1.67,,210,1.69,,142,1.54,,99,1.29,,164,1.61,,364,1.47,
60세,여,3652,1.5,,306,1.61,,324,1.63,,254,1.84,,116,1.58,,237,1.64,,266,1.66,,190,1.29,,209,1.22,,157,1.12,,170,1.42,,417,1.78,,200,1.47,,170,1.79,,120,1.47,,159,1.45,,357,1.24,
61세,남,3154,1.45,,246,1.48,,274,1.57,,216,1.69,,107,1.57,,189,1.47,,257,1.71,,171,1.36,,181,1.21,,142,1.08,,178,1.59,,327,1.59,,166,1.34,,151,1.64,,103,1.34,,137,1.34,,309,1.25,
61세,여,3612,1.49,,287,1.51,,329,1.66,,238,1.72,,116,1.58,,205,1.42,,275,1.72,,196,1.33,,227,1.32,,156,1.11,,194,1.62,,353,1.51,,243,1.78,,163,1.72,,131,1.6,,160,1.46,,339,1.18,
62세,남,3470,1.59,,281,1.7,,313,1.79,,225,1.76,,109,1.6,,188,1.46,,292,1.94,,186,1.48,,215,1.44,,157,1.2,,197,1.76,,314,1.53,,198,1.59,,163,1.77,,120,1.57,,160,1.57,,352,1.42,
62세,여,3751,1.55,,282,1.48,,329,1.66,,228,1.65,,144,1.96,,245,1.69,,263,1.64,,212,1.44,,207,1.2,,178,1.27,,209,1.74,,404,1.73,,219,1.61,,164,1.73,,147,1.8,,131,1.2,,389,1.35,
63세,남,3464,1.59,,277,1.67,,307,1.76,,228,1.79,,117,1.71,,216,1.68,,291,1.93,,179,1.43,,206,1.38,,140,1.07,,221,1.98,,346,1.68,,205,1.65,,150,1.62,,113,1.47,,123,1.21,,345,1.39,
63세,여,4084,1.68,,325,1.71,,343,1.73,,299,2.17,,137,1.86,,290,2.01,,292,1.83,,229,1.56,,250,1.45,,150,1.07,,228,1.9,,418,1.79,,273,2.01,,165,1.74,,143,1.75,,158,1.44,,384,1.34,
64세,남,3526,1.62,,268,1.62,,303,1.73,,273,2.14,,106,1.55,,209,1.63,,282,1.87,,201,1.6,,196,1.31,,169,1.29,,189,1.69,,323,1.57,,220,1.77,,160,1.73,,123,1.61,,159,1.56,,345,1.39,
64세,여,4211,1.74,,357,1.88,,415,2.09,,288,2.09,,144,1.96,,264,1.83,,301,1.88,,225,1.53,,241,1.4,,169,1.2,,223,1.86,,461,1.97,,273,2.01,,178,1.88,,128,1.56,,152,1.39,,392,1.37,
65세,남,3470,1.59,,258,1.56,,294,1.68,,223,1.75,,132,1.93,,211,1.64,,254,1.69,,195,1.55,,198,1.32,,142,1.08,,186,1.66,,342,1.66,,218,1.76,,187,2.02,,121,1.58,,135,1.33,,374,1.51,
65세,여,3880,1.6,,323,1.7,,347,1.75,,243,1.76,,134,1.82,,253,1.75,,282,1.76,,219,1.49,,223,1.3,,179,1.27,,216,1.8,,392,1.68,,257,1.89,,176,1.86,,124,1.51,,162,1.48,,350,1.22,
66세,남,3073,1.41,,245,1.48,,247,1.41,,230,1.8,,106,1.55,,180,1.4,,243,1.61,,160,1.27,,173,1.16,,121,0.92,,195,1.74,,274,1.33,,208,1.68,,145,1.57,,111,1.45,,106,1.04,,329,1.33,
66세,여,3633,1.5,,291,1.53,,338,1.7,,256,1.85,,110,1.5,,221,1.53,,223,1.39,,170,1.16,,223,1.3,,187,1.33,,219,1.82,,381,1.63,,255,1.87,,145,1.53,,113,1.38,,126,1.15,,375,1.31,
67세,남,3048,1.4,,239,1.44,,267,1.53,,221,1.73,,112,1.64,,161,1.25,,213,1.42,,172,1.37,,182,1.22,,139,1.06,,179,1.6,,286,1.39,,178,1.43,,149,1.61,,102,1.33,,134,1.32,,314,1.27,
67세,여,3656,1.51,,291,1.53,,315,1.59,,234,1.7,,138,1.88,,203,1.4,,262,1.64,,193,1.31,,207,1.2,,174,1.24,,211,1.76,,381,1.63,,227,1.67,,171,1.8,,120,1.47,,146,1.33,,383,1.33,
68세,남,2831,1.3,,205,1.24,,254,1.45,,197,1.54,,93,1.36,,192,1.49,,222,1.48,,154,1.23,,168,1.12,,125,0.95,,148,1.32,,271,1.32,,170,1.37,,136,1.47,,102,1.33,,121,1.19,,273,1.1,
68세,여,3260,1.34,,233,1.23,,277,1.4,,216,1.56,,112,1.52,,200,1.38,,234,1.46,,188,1.28,,233,1.35,,171,1.22,,183,1.52,,291,1.25,,191,1.4,,136,1.44,,113,1.38,,128,1.17,,354,1.23,
69세,남,2798,1.28,,220,1.33,,250,1.43,,169,1.32,,101,1.48,,159,1.24,,222,1.48,,133,1.06,,159,1.06,,125,0.95,,166,1.48,,257,1.25,,185,1.49,,139,1.51,,136,1.77,,116,1.14,,261,1.05,
69세,여,3464,1.43,,281,1.48,,286,1.44,,228,1.65,,127,1.73,,216,1.49,,260,1.63,,182,1.24,,215,1.25,,163,1.16,,204,1.7,,350,1.5,,185,1.36,,171,1.8,,123,1.5,,120,1.1,,353,1.23,
70세,남,2389,1.09,,173,1.04,,199,1.14,,149,1.17,,82,1.2,,120,0.93,,200,1.33,,121,0.96,,124,0.83,,115,0.88,,162,1.45,,239,1.16,,139,1.12,,120,1.3,,106,1.38,,85,0.83,,255,1.03,
70세,여,3032,1.25,,257,1.35,,248,1.25,,211,1.53,,106,1.44,,162,1.12,,201,1.26,,177,1.2,,188,1.09,,145,1.03,,189,1.57,,306,1.31,,179,1.31,,156,1.65,,106,1.29,,101,0.92,,300,1.04,
71세,남,2082,0.95,,151,0.91,,183,1.05,,143,1.12,,83,1.22,,137,1.07,,147,0.98,,96,0.76,,120,0.8,,101,0.77,,112,1,,203,0.99,,123,0.99,,108,1.17,,80,1.04,,78,0.77,,217,0.88,
71세,여,2641,1.09,,245,1.29,,235,1.18,,189,1.37,,83,1.13,,145,1,,179,1.12,,125,0.85,,139,0.81,,118,0.84,,149,1.24,,302,1.29,,154,1.13,,133,1.4,,91,1.11,,88,0.8,,266,0.93,
72세,남,2260,1.04,,180,1.09,,165,0.94,,150,1.18,,80,1.17,,117,0.91,,170,1.13,,116,0.92,,122,0.81,,112,0.86,,120,1.07,,227,1.1,,159,1.28,,106,1.15,,89,1.16,,83,0.81,,264,1.06,
72세,여,2839,1.17,,239,1.26,,252,1.27,,206,1.49,,84,1.14,,163,1.13,,202,1.26,,179,1.22,,194,1.13,,116,0.83,,178,1.48,,301,1.29,,138,1.01,,121,1.28,,86,1.05,,96,0.88,,284,0.99,
73세,남,1625,0.74,,128,0.77,,133,0.76,,125,0.98,,48,0.7,,109,0.85,,146,0.97,,79,0.63,,72,0.48,,79,0.6,,111,0.99,,160,0.78,,80,0.64,,73,0.79,,57,0.74,,65,0.64,,160,0.65,
73세,여,2060,0.85,,186,0.98,,189,0.95,,124,0.9,,54,0.73,,122,0.84,,134,0.84,,125,0.85,,141,0.82,,87,0.62,,127,1.06,,239,1.02,,124,0.91,,87,0.92,,67,0.82,,77,0.7,,177,0.62,
74세,남,1755,0.8,,150,0.9,,143,0.82,,126,0.99,,63,0.92,,105,0.82,,156,1.04,,99,0.79,,102,0.68,,79,0.6,,117,1.05,,174,0.85,,98,0.79,,79,0.86,,58,0.76,,45,0.44,,161,0.65,
74세,여,2280,0.94,,178,0.94,,187,0.94,,167,1.21,,83,1.13,,155,1.07,,139,0.87,,128,0.87,,139,0.81,,107,0.76,,159,1.32,,221,0.95,,137,1.01,,116,1.22,,84,1.03,,76,0.69,,204,0.71,
75세,남,1718,0.79,,147,0.89,,142,0.81,,127,1,,51,0.75,,111,0.86,,123,0.82,,115,0.92,,96,0.64,,73,0.56,,111,0.99,,179,0.87,,106,0.85,,63,0.68,,64,0.84,,45,0.44,,165,0.67,
75세,여,2368,0.98,,186,0.98,,224,1.13,,160,1.16,,99,1.35,,153,1.06,,157,0.98,,158,1.08,,146,0.85,,99,0.7,,166,1.38,,239,1.02,,154,1.13,,78,0.82,,69,0.84,,73,0.67,,207,0.72,
76세,남,1706,0.78,,137,0.83,,138,0.79,,121,0.95,,56,0.82,,116,0.9,,134,0.89,,117,0.93,,97,0.65,,65,0.5,,98,0.88,,187,0.91,,93,0.75,,81,0.88,,48,0.63,,51,0.5,,167,0.67,
76세,여,2306,0.95,,201,1.06,,222,1.12,,160,1.16,,82,1.12,,150,1.04,,156,0.98,,132,0.9,,148,0.86,,113,0.8,,129,1.07,,224,0.96,,144,1.06,,88,0.93,,70,0.86,,60,0.55,,227,0.79,
77세,남,1796,0.82,,130,0.78,,166,0.95,,139,1.09,,64,0.94,,107,0.83,,141,0.94,,101,0.8,,108,0.72,,78,0.6,,114,1.02,,145,0.7,,111,0.89,,86,0.93,,65,0.85,,64,0.63,,177,0.71,
77세,여,2408,0.99,,195,1.03,,209,1.05,,146,1.06,,84,1.14,,148,1.02,,164,1.03,,150,1.02,,167,0.97,,113,0.8,,149,1.24,,244,1.04,,151,1.11,,103,1.09,,94,1.15,,77,0.7,,214,0.75,
78세,남,1397,0.64,,123,0.74,,115,0.66,,79,0.62,,43,0.63,,80,0.62,,100,0.66,,73,0.58,,106,0.71,,69,0.53,,86,0.77,,149,0.72,,83,0.67,,60,0.65,,49,0.64,,39,0.38,,143,0.58,
78세,여,1919,0.79,,170,0.89,,153,0.77,,123,0.89,,70,0.95,,123,0.85,,131,0.82,,119,0.81,,130,0.76,,86,0.61,,154,1.28,,197,0.84,,93,0.68,,77,0.81,,60,0.73,,59,0.54,,174,0.61,
79세,남,1227,0.56,,105,0.63,,106,0.61,,83,0.65,,48,0.7,,72,0.56,,85,0.56,,72,0.57,,83,0.55,,47,0.36,,76,0.68,,138,0.67,,83,0.67,,40,0.43,,39,0.51,,37,0.36,,113,0.46,
79세,여,1657,0.68,,145,0.76,,153,0.77,,137,0.99,,47,0.64,,82,0.57,,108,0.68,,112,0.76,,99,0.58,,77,0.55,,120,1,,163,0.7,,100,0.73,,60,0.63,,53,0.65,,49,0.45,,152,0.53,
80세,남,1182,0.54,,98,0.59,,101,0.58,,92,0.72,,46,0.67,,64,0.5,,80,0.53,,71,0.57,,61,0.41,,51,0.39,,70,0.63,,130,0.63,,73,0.59,,51,0.55,,47,0.61,,28,0.27,,119,0.48,
80세,여,1680,0.69,,136,0.72,,154,0.78,,128,0.93,,60,0.82,,106,0.73,,117,0.73,,116,0.79,,108,0.63,,80,0.57,,124,1.03,,134,0.57,,104,0.76,,64,0.68,,60,0.73,,51,0.47,,138,0.48,
81세,남,1132,0.52,,104,0.63,,111,0.64,,87,0.68,,31,0.45,,63,0.49,,84,0.56,,61,0.49,,74,0.49,,51,0.39,,67,0.6,,127,0.62,,58,0.47,,45,0.49,,36,0.47,,37,0.36,,96,0.39,
81세,여,1684,0.69,,146,0.77,,159,0.8,,108,0.78,,53,0.72,,96,0.66,,115,0.72,,96,0.65,,99,0.58,,75,0.53,,130,1.08,,172,0.74,,103,0.76,,71,0.75,,60,0.73,,53,0.48,,148,0.52,
82세,남,1375,0.63,,97,0.59,,117,0.67,,112,0.88,,47,0.69,,74,0.58,,98,0.65,,84,0.67,,86,0.57,,53,0.4,,81,0.72,,149,0.72,,100,0.81,,59,0.64,,40,0.52,,37,0.36,,141,0.57,
82세,여,1913,0.79,,150,0.79,,184,0.93,,157,1.14,,67,0.91,,115,0.8,,125,0.78,,124,0.84,,107,0.62,,76,0.54,,141,1.17,,197,0.84,,109,0.8,,75,0.79,,44,0.54,,70,0.64,,172,0.6,
83세,남,1078,0.49,,95,0.57,,101,0.58,,66,0.52,,37,0.54,,70,0.54,,72,0.48,,71,0.57,,72,0.48,,43,0.33,,84,0.75,,112,0.54,,49,0.39,,42,0.45,,37,0.48,,36,0.35,,91,0.37,
83세,여,1438,0.59,,120,0.63,,140,0.71,,93,0.67,,48,0.65,,78,0.54,,104,0.65,,98,0.67,,91,0.53,,68,0.48,,110,0.92,,137,0.59,,68,0.5,,59,0.62,,50,0.61,,57,0.52,,117,0.41,
84세,남,829,0.38,,71,0.43,,83,0.48,,68,0.53,,24,0.35,,41,0.32,,58,0.39,,51,0.41,,51,0.34,,35,0.27,,59,0.53,,69,0.34,,56,0.45,,30,0.32,,29,0.38,,15,0.15,,89,0.36,
84세,여,1223,0.5,,107,0.56,,120,0.6,,91,0.66,,33,0.45,,66,0.46,,91,0.57,,72,0.49,,61,0.35,,52,0.37,,95,0.79,,127,0.54,,64,0.47,,48,0.51,,38,0.46,,39,0.36,,119,0.41,
85세,남,769,0.35,,59,0.36,,66,0.38,,56,0.44,,24,0.35,,53,0.41,,61,0.41,,52,0.41,,47,0.31,,35,0.27,,51,0.46,,80,0.39,,40,0.32,,35,0.38,,26,0.34,,20,0.2,,64,0.26,
85세,여,1217,0.5,,112,0.59,,133,0.67,,84,0.61,,35,0.48,,58,0.4,,81,0.51,,76,0.52,,73,0.42,,56,0.4,,82,0.68,,112,0.48,,68,0.5,,49,0.52,,45,0.55,,44,0.4,,109,0.38,
86세,남,606,0.28,,62,0.37,,60,0.34,,37,0.29,,23,0.34,,33,0.26,,37,0.25,,45,0.36,,33,0.22,,27,0.21,,36,0.32,,60,0.29,,32,0.26,,30,0.32,,21,0.27,,19,0.19,,51,0.21,
86세,여,982,0.4,,73,0.38,,101,0.51,,77,0.56,,30,0.41,,68,0.47,,80,0.5,,52,0.35,,63,0.37,,50,0.36,,70,0.58,,90,0.39,,45,0.33,,39,0.41,,19,0.23,,35,0.32,,90,0.31,
87세,남,501,0.23,,40,0.24,,44,0.25,,35,0.27,,14,0.21,,28,0.22,,38,0.25,,44,0.35,,19,0.13,,29,0.22,,44,0.39,,41,0.2,,32,0.26,,14,0.15,,15,0.2,,10,0.1,,54,0.22,
87세,여,888,0.37,,64,0.34,,91,0.46,,62,0.45,,29,0.39,,48,0.33,,54,0.34,,54,0.37,,78,0.45,,46,0.33,,61,0.51,,89,0.38,,45,0.33,,32,0.34,,26,0.32,,31,0.28,,78,0.27,
88세,남,396,0.18,,35,0.21,,36,0.21,,20,0.16,,10,0.15,,34,0.26,,29,0.19,,26,0.21,,26,0.17,,15,0.11,,28,0.25,,36,0.17,,16,0.13,,16,0.17,,16,0.21,,11,0.11,,42,0.17,
88세,여,757,0.31,,56,0.29,,70,0.35,,41,0.3,,24,0.33,,46,0.32,,56,0.35,,41,0.28,,47,0.27,,28,0.2,,66,0.55,,76,0.33,,37,0.27,,37,0.39,,23,0.28,,32,0.29,,77,0.27,
89세,남,338,0.15,,24,0.14,,39,0.22,,17,0.13,,10,0.15,,20,0.16,,27,0.18,,21,0.17,,15,0.1,,13,0.1,,22,0.2,,31,0.15,,20,0.16,,17,0.18,,11,0.14,,8,0.08,,43,0.17,
89세,여,595,0.25,,56,0.29,,56,0.28,,42,0.3,,17,0.23,,31,0.21,,36,0.23,,37,0.25,,39,0.23,,18,0.13,,41,0.34,,51,0.22,,35,0.26,,27,0.28,,19,0.23,,26,0.24,,64,0.22,
90세,남,237,0.11,,19,0.11,,33,0.19,,15,0.12,,9,0.13,,13,0.1,,20,0.13,,17,0.14,,12,0.08,,8,0.06,,14,0.13,,18,0.09,,13,0.1,,6,0.06,,5,0.07,,9,0.09,,26,0.1,
90세,여,488,0.2,,40,0.21,,47,0.24,,19,0.14,,13,0.18,,24,0.17,,28,0.18,,26,0.18,,31,0.18,,26,0.19,,38,0.32,,42,0.18,,23,0.17,,25,0.26,,16,0.2,,32,0.29,,58,0.2,
91세,남,156,0.07,,10,0.06,,14,0.08,,7,0.05,,12,0.18,,10,0.08,,17,0.11,,10,0.08,,8,0.05,,8,0.06,,8,0.07,,11,0.05,,8,0.06,,10,0.11,,4,0.05,,4,0.04,,15,0.06,
91세,여,341,0.14,,27,0.14,,33,0.17,,25,0.18,,12,0.16,,14,0.1,,14,0.09,,22,0.15,,20,0.12,,15,0.11,,25,0.21,,38,0.16,,25,0.18,,20,0.21,,6,0.07,,11,0.1,,34,0.12,
92세,남,110,0.05,,5,0.03,,16,0.09,,6,0.05,,5,0.07,,4,0.03,,9,0.06,,6,0.05,,9,0.06,,2,0.02,,11,0.1,,12,0.06,,2,0.02,,5,0.05,,2,0.03,,4,0.04,,12,0.05,
92세,여,277,0.11,,22,0.12,,27,0.14,,17,0.12,,11,0.15,,21,0.15,,18,0.11,,11,0.07,,11,0.06,,16,0.11,,20,0.17,,22,0.09,,20,0.15,,13,0.14,,6,0.07,,12,0.11,,30,0.1,
93세,남,73,0.03,,6,0.04,,7,0.04,,2,0.02,,1,0.01,,7,0.05,,7,0.05,,4,0.03,,6,0.04,,5,0.04,,5,0.04,,3,0.01,,3,0.02,,3,0.03,,5,0.07,,3,0.03,,6,0.02,
93세,여,208,0.09,,23,0.12,,26,0.13,,14,0.1,,1,0.01,,5,0.03,,10,0.06,,8,0.05,,9,0.05,,12,0.09,,13,0.11,,24,0.1,,10,0.07,,9,0.09,,3,0.04,,13,0.12,,28,0.1,
94세,남,37,0.02,,3,0.02,,6,0.03,,3,0.02,,1,0.01,,1,0.01,,2,0.01,,1,0.01,,2,0.01,,3,0.02,,4,0.04,,6,0.03,,2,0.02,,1,0.01,,0,0,,0,0,,2,0.01,
94세,여,168,0.07,,20,0.11,,11,0.06,,10,0.07,,6,0.08,,8,0.06,,11,0.07,,4,0.03,,13,0.08,,7,0.05,,15,0.12,,9,0.04,,7,0.05,,5,0.05,,7,0.09,,9,0.08,,26,0.09,
95세,남,62,0.03,,4,0.02,,6,0.03,,2,0.02,,1,0.01,,4,0.03,,5,0.03,,4,0.03,,2,0.01,,5,0.04,,10,0.09,,3,0.01,,4,0.03,,3,0.03,,1,0.01,,0,0,,8,0.03,
95세,여,113,0.05,,8,0.04,,9,0.05,,7,0.05,,4,0.05,,4,0.03,,13,0.08,,5,0.03,,8,0.05,,5,0.04,,10,0.08,,7,0.03,,5,0.04,,5,0.05,,2,0.02,,8,0.07,,13,0.05,
96세,남,24,0.01,,2,0.01,,2,0.01,,2,0.02,,1,0.01,,2,0.02,,3,0.02,,3,0.02,,0,0,,0,0,,0,0,,4,0.02,,2,0.02,,2,0.02,,0,0,,0,0,,1,0,
96세,여,90,0.04,,14,0.07,,8,0.04,,4,0.03,,5,0.07,,4,0.03,,5,0.03,,4,0.03,,4,0.02,,4,0.03,,4,0.03,,5,0.02,,3,0.02,,2,0.02,,5,0.06,,6,0.05,,13,0.05,
97세,남,18,0.01,,1,0.01,,2,0.01,,0,0,,0,0,,2,0.02,,1,0.01,,1,0.01,,5,0.03,,0,0,,0,0,,0,0,,0,0,,0,0,,2,0.03,,1,0.01,,3,0.01,
97세,여,84,0.03,,11,0.06,,12,0.06,,5,0.04,,2,0.03,,4,0.03,,4,0.03,,3,0.02,,5,0.03,,3,0.02,,5,0.04,,6,0.03,,4,0.03,,5,0.05,,5,0.06,,5,0.05,,5,0.02,
98세,남,8,0,,0,0,,1,0.01,,1,0.01,,0,0,,0,0,,0,0,,0,0,,0,0,,0,0,,1,0.01,,1,0,,0,0,,0,0,,1,0.01,,1,0.01,,2,0.01,
98세,여,33,0.01,,2,0.01,,1,0.01,,5,0.04,,0,0,,2,0.01,,1,0.01,,1,0.01,,0,0,,1,0.01,,3,0.02,,4,0.02,,0,0,,0,0,,3,0.04,,2,0.02,,8,0.03,
99세,남,3,0,,0,0,,0,0,,1,0.01,,0,0,,0,0,,0,0,,0,0,,1,0.01,,0,0,,0,0,,1,0,,0,0,,0,0,,0,0,,0,0,,0,0,
99세,여,28,0.01,,1,0.01,,4,0.02,,0,0,,2,0.03,,2,0.01,,2,0.01,,2,0.01,,0,0,,2,0.01,,4,0.03,,1,0,,2,0.01,,1,0.01,,1,0.01,,2,0.02,,2,0.01,
100세,남,6,0,,0,0,,1,0.01,,0,0,,0,0,,0,0,,0,0,,0,0,,0,0,,0,0,,0,0,,1,0,,1,0.01,,1,0.01,,0,0,,0,0,,2,0.01,
100세,여,18,0.01,,1,0.01,,0,0,,2,0.01,,0,0,,1,0.01,,1,0.01,,0,0,,4,0.02,,1,0.01,,2,0.02,,1,0,,1,0.01,,1,0.01,,0,0,,0,0,,3,0.01,
101세,남,6,0,,1,0.01,,0,0,,1,0.01,,0,0,,0,0,,0,0,,2,0.02,,0,0,,0,0,,1,0.01,,0,0,,0,0,,0,0,,0,0,,1,0.01,,0,0,
101세,여,12,0,,0,0,,3,0.02,,0,0,,2,0.03,,0,0,,0,0,,1,0.01,,1,0.01,,1,0.01,,1,0.01,,1,0,,0,0,,1,0.01,,0,0,,0,0,,1,0,
102세,남,3,0,,0,0,,0,0,,0,0,,0,0,,0,0,,1,0.01,,0,0,,0,0,,1,0.01,,0,0,,0,0,,0,0,,1,0.01,,0,0,,0,0,,0,0,
102세,여,9,0,,1,0.01,,0,0,,0,0,,1,0.01,,0,0,,0,0,,0,0,,0,0,,0,0,,1,0.01,,0,0,,1,0.01,,1,0.01,,3,0.04,,0,0,,1,0,
103세,남,2,0,,0,0,,0,0,,0,0,,0,0,,0,0,,0,0,,0,0,,1,0.01,,0,0,,0,0,,0,0,,0,0,,0,0,,0,0,,0,0,,1,0,
103세,여,6,0,,0,0,,0,0,,0,0,,0,0,,0,0,,0,0,,1,0.01,,0,0,,1,0.01,,0,0,,2,0.01,,1,0.01,,1,0.01,,0,0,,0,0,,0,0,
104세,남,0,0,,0,0,,0,0,,0,0,,0,0,,0,0,,0,0,,0,0,,0,0,,0,0,,0,0,,0,0,,0,0,,0,0,,0,0,,0,0,,0,0,
104세,여,2,0,,0,0,,0,0,,1,0.01,,0,0,,0,0,,1,0.01,,0,0,,0,0,,0,0,,0,0,,0,0,,0,0,,0,0,,0,0,,0,0,,0,0,
105세,남,1,0,,0,0,,1,0.01,,0,0,,0,0,,0,0,,0,0,,0,0,,0,0,,0,0,,0,0,,0,0,,0,0,,0,0,,0,0,,0,0,,0,0,
105세,여,3,0,,0,0,,0,0,,0,0,,0,0,,0,0,,0,0,,0,0,,1,0.01,,0,0,,0,0,,1,0,,0,0,,0,0,,0,0,,0,0,,1,0,
106세,남,0,0,,0,0,,0,0,,0,0,,0,0,,0,0,,0,0,,0,0,,0,0,,0,0,,0,0,,0,0,,0,0,,0,0,,0,0,,0,0,,0,0,
106세,여,0,0,,0,0,,0,0,,0,0,,0,0,,0,0,,0,0,,0,0,,0,0,,0,0,,0,0,,0,0,,0,0,,0,0,,0,0,,0,0,,0,0,
107세,남,0,0,,0,0,,0,0,,0,0,,0,0,,0,0,,0,0,,0,0,,0,0,,0,0,,0,0,,0,0,,0,0,,0,0,,0,0,,0,0,,0,0,
107세,여,1,0,,0,0,,0,0,,0,0,,0,0,,0,0,,0,0,,1,0.01,,0,0,,0,0,,0,0,,0,0,,0,0,,0,0,,0,0,,0,0,,0,0,
108세,남,0,0,,0,0,,0,0,,0,0,,0,0,,0,0,,0,0,,0,0,,0,0,,0,0,,0,0,,0,0,,0,0,,0,0,,0,0,,0,0,,0,0,
108세,여,0,0,,0,0,,0,0,,0,0,,0,0,,0,0,,0,0,,0,0,,0,0,,0,0,,0,0,,0,0,,0,0,,0,0,,0,0,,0,0,,0,0,
109세,남,0,0,,0,0,,0,0,,0,0,,0,0,,0,0,,0,0,,0,0,,0,0,,0,0,,0,0,,0,0,,0,0,,0,0,,0,0,,0,0,,0,0,
109세,여,0,0,,0,0,,0,0,,0,0,,0,0,,0,0,,0,0,,0,0,,0,0,,0,0,,0,0,,0,0,,0,0,,0,0,,0,0,,0,0,,0,0,
110세이상,남,0,0,,0,0,,0,0,,0,0,,0,0,,0,0,,0,0,,0,0,,0,0,,0,0,,0,0,,0,0,,0,0,,0,0,,0,0,,0,0,,0,0,
110세이상,여,0,0,,0,0,,0,0,,0,0,,0,0,,0,0,,0,0,,0,0,,0,0,,0,0,,0,0,,0,0,,0,0,,0,0,,0,0,,0,0,,0,0,
