기준시점,시군구,읍면동,세대수,등록인구,등록인구 남,등록인구 여,한국인,한국인 남,한국인 여,외국인,외국인 남,외국인 여,세대당인구,65세이상 고령자
2012,용인시 처인구,포곡읍,12063,33236,17031,16205,32507,16600,15907,729,431,298,2.7,2967
2012,용인시 처인구,모현읍,9361,24210,13002,11208,23122,12235,10887,1088,767,321,2.5,2682
2012,용인시 처인구,이동읍,7917,21429,10974,10455,20507,10328,10179,922,646,276,2.6,2505
2012,용인시 처인구,남사면,3101,7943,4391,3552,7184,3798,3386,759,593,166,2.3,1544
2012,용인시 처인구,원삼면,3252,8096,4306,3790,7653,3964,3689,443,342,101,2.4,1571
2012,용인시 처인구,백암면,4099,9780,5184,4596,9287,4796,4491,493,388,105,2.3,1951
2012,용인시 처인구,양지면,6296,16035,8493,7542,15564,8149,7415,471,344,127,2.5,1871
2012,용인시 처인구,중앙동,9986,25741,12982,12759,24559,12372,12187,1182,610,572,2.5,2478
2012,용인시 처인구,역삼동,8801,23615,11918,11697,23131,11696,11435,484,222,262,2.6,1760
2012,용인시 처인구,유림동,11560,33289,16963,16326,32895,16772,16123,394,191,203,2.8,2352
2012,용인시 처인구,동부동,5500,14499,7339,7160,14115,7143,6972,384,196,188,2.6,1354
2012,용인시 기흥구,신갈동,12900,34911,17484,17427,34015,17022,16993,896,462,434,2.6,3169
2012,용인시 기흥구,영덕동,13948,40292,20039,20253,40016,19913,20103,276,126,150,2.9,2531
2012,용인시 기흥구,구갈동,11306,28365,14273,14092,27507,13856,13651,858,417,441,2.4,1879
2012,용인시 기흥구,상갈동,17046,47124,23538,23586,46643,23303,23340,481,235,246,2.7,4210
2012,용인시 기흥구,기흥동,7449,19919,9961,9958,19702,9834,9868,217,127,90,2.6,1835
2012,용인시 기흥구,서농동,6465,14474,7220,7254,13492,6714,6778,982,506,476,2.1,721
2012,용인시 기흥구,구성동,13681,39405,19211,20194,39247,19154,20093,158,57,101,2.9,4250
2012,용인시 기흥구,마북동,11083,31549,15627,15922,31385,15539,15846,164,88,76,2.8,3900
2012,용인시 기흥구,동백동,21626,66036,32411,33625,65739,32265,33474,297,146,151,3,4344
2012,용인시 기흥구,상하동,8181,24027,11743,12284,23809,11612,12197,218,131,87,2.9,2051
2012,용인시 기흥구,보정동,12085,34589,16899,17690,34320,16756,17564,269,143,126,2.8,4040
2012,용인시 수지구,풍덕천1동,13320,35839,17810,18029,35313,17579,17734,526,231,295,2.7,3056
2012,용인시 수지구,풍덕천2동,13822,40622,20010,20612,40487,19953,20534,135,57,78,2.9,2967
2012,용인시 수지구,신봉동,10837,32471,15876,16595,32361,15821,16540,110,55,55,3,3503
2012,용인시 수지구,죽전1동,20825,60284,29445,30839,59844,29271,30573,440,174,266,2.9,5140
2012,용인시 수지구,죽전2동,7470,20193,10011,10182,20074,9958,10116,119,53,66,2.7,1616
2012,용인시 수지구,동천동,11567,33832,16744,17088,33574,16622,16952,258,122,136,2.9,2824
2012,용인시 수지구,상현1동,14181,43216,20967,22249,43068,20900,22168,148,67,81,3,4124
2012,용인시 수지구,상현2동,10311,32318,15776,16542,32277,15764,16513,41,12,29,3.1,3477
2012,용인시 수지구,성복동,10996,32719,15854,16865,32562,15762,16800,157,92,65,3,4520
2013,용인시 처인구,포곡읍,12390,33543,17224,16319,32776,16767,16009,767,457,310,2.6,3095
2013,용인시 처인구,모현읍,9617,24824,13346,11478,23666,12523,11143,1158,823,335,2.5,2827
2013,용인시 처인구,이동읍,7929,21446,10989,10457,20477,10300,10177,969,689,280,2.6,2641
2013,용인시 처인구,남사면,3112,7915,4387,3528,7107,3737,3370,808,650,158,2.3,1586
2013,용인시 처인구,원삼면,3287,8118,4321,3797,7654,3960,3694,464,361,103,2.3,1632
2013,용인시 처인구,백암면,4097,9789,5238,4551,9284,4844,4440,505,394,111,2.3,1999
2013,용인시 처인구,양지면,6533,16505,8722,7783,16015,8371,7644,490,351,139,2.5,1964
2013,용인시 처인구,중앙동,9829,25192,12752,12440,23987,12115,11872,1205,637,568,2.4,2503
2013,용인시 처인구,역삼동,9389,25148,12623,12525,24689,12419,12270,459,204,255,2.6,1901
2013,용인시 처인구,유림동,11683,33333,16928,16405,32930,16719,16211,403,209,194,2.8,2490
2013,용인시 처인구,동부동,5628,14814,7519,7295,14319,7269,7050,495,250,245,2.5,1431
2013,용인시 기흥구,신갈동,13174,36087,18058,18029,35220,17614,17606,867,444,423,2.7,3386
2013,용인시 기흥구,영덕동,14923,42919,21349,21570,42633,21221,21412,286,128,158,2.9,2785
2013,용인시 기흥구,구갈동,11400,28299,14195,14104,27486,13826,13660,813,369,444,2.4,2055
2013,용인시 기흥구,상갈동,17206,47066,23600,23466,46564,23324,23240,502,276,226,2.7,4506
2013,용인시 기흥구,기흥동,7904,21124,10521,10603,20911,10402,10509,213,119,94,2.6,2019
2013,용인시 기흥구,서농동,7863,19018,9611,9407,18060,9113,8947,958,498,460,2.3,922
2013,용인시 기흥구,구성동,13914,40096,19492,20604,39934,19434,20500,162,58,104,2.9,4581
2013,용인시 기흥구,마북동,11123,31506,15594,15912,31346,15508,15838,160,86,74,2.8,4135
2013,용인시 기흥구,동백동,23190,71527,35138,36389,71228,34999,36229,299,139,160,3.1,4811
2013,용인시 기흥구,상하동,8248,24231,11893,12338,24022,11774,12248,209,119,90,2.9,2195
2013,용인시 기흥구,보정동,12668,36024,17604,18420,35768,17472,18296,256,132,124,2.8,4308
2013,용인시 수지구,풍덕천1동,13590,36401,18062,18339,35783,17768,18015,618,294,324,2.6,3263
2013,용인시 수지구,풍덕천2동,13870,40965,20110,20855,40854,20070,20784,111,40,71,2.9,3131
2013,용인시 수지구,신봉동,11365,33904,16550,17354,33806,16496,17310,98,54,44,3,3811
2013,용인시 수지구,죽전1동,20831,60216,29387,30829,59753,29188,30565,463,199,264,2.9,5278
2013,용인시 수지구,죽전2동,7494,20031,9875,10156,19958,9844,10114,73,31,42,2.7,1694
2013,용인시 수지구,동천동,11851,34399,16989,17410,34180,16889,17291,219,100,119,2.9,3009
2013,용인시 수지구,상현1동,14646,44313,21537,22776,44162,21473,22689,151,64,87,3,4372
2013,용인시 수지구,상현2동,10256,32172,15682,16490,32142,15671,16471,30,11,19,3.1,3664
2013,용인시 수지구,성복동,11738,34982,16984,17998,34763,16835,17928,219,149,70,3,5105
2014,용인시 처인구,포곡읍,12864,34566,17754,16812,33787,17288,16499,779,466,313,2.6,3258
2014,용인시 처인구,모현읍,9874,25520,13671,11849,24254,12786,11468,1266,885,381,2.5,3008
2014,용인시 처인구,이동읍,7920,21330,11040,10290,20204,10198,10006,1126,842,284,2.6,2698
2014,용인시 처인구,남사면,3096,7881,4398,3483,7030,3703,3327,851,695,156,2.3,1630
2014,용인시 처인구,원삼면,3352,8138,4320,3818,7625,3931,3694,513,389,124,2.3,1682
2014,용인시 처인구,백암면,4078,9797,5286,4511,9219,4828,4391,578,458,120,2.3,2094
2014,용인시 처인구,양지면,6903,17302,9163,8139,16735,8756,7979,567,407,160,2.4,2076
2014,용인시 처인구,중앙동,9843,25243,12782,12461,23854,12058,11796,1389,724,665,2.4,2492
2014,용인시 처인구,역삼동,10944,29079,14628,14451,28565,14395,14170,514,233,281,2.6,2280
2014,용인시 처인구,유림동,11633,33247,16939,16308,32802,16691,16111,445,248,197,2.8,2688
2014,용인시 처인구,동부동,5704,14925,7576,7349,14325,7278,7047,600,298,302,2.5,1497
2014,용인시 기흥구,신갈동,13147,36255,18056,18199,35242,17538,17704,1013,518,495,2.7,3520
2014,용인시 기흥구,영덕동,15251,44119,21911,22208,43761,21743,22018,358,168,190,2.9,3021
2014,용인시 기흥구,구갈동,11448,28184,14130,14054,27445,13769,13676,739,361,378,2.4,2148
2014,용인시 기흥구,상갈동,17247,47201,23763,23438,46619,23455,23164,582,308,274,2.7,4784
2014,용인시 기흥구,기흥동,8373,22495,11178,11317,22261,11036,11225,234,142,92,2.7,2213
2014,용인시 기흥구,서농동,8541,20645,10511,10134,19787,10058,9729,858,453,405,2.3,1037
2014,용인시 기흥구,구성동,14058,40556,19760,20796,40388,19695,20693,168,65,103,2.9,4884
2014,용인시 기흥구,마북동,11172,31631,15586,16045,31492,15516,15976,139,70,69,2.8,4354
2014,용인시 기흥구,동백동,24338,75529,37069,38460,75231,36935,38296,298,134,164,3.1,5163
2014,용인시 기흥구,상하동,8361,24512,12011,12501,24285,11871,12414,227,140,87,2.9,2286
2014,용인시 기흥구,보정동,12629,35959,17596,18363,35695,17450,18245,264,146,118,2.8,4487
2014,용인시 수지구,풍덕천1동,13567,36073,17889,18184,35423,17576,17847,650,313,337,2.6,3337
2014,용인시 수지구,풍덕천2동,13757,40530,19925,20605,40375,19858,20517,155,67,88,2.9,3252
2014,용인시 수지구,신봉동,11377,34367,16799,17568,34266,16742,17524,101,57,44,3,4027
2014,용인시 수지구,죽전1동,20540,60017,29332,30685,59361,29080,30281,656,252,404,2.9,5476
2014,용인시 수지구,죽전2동,7503,19987,9824,10163,19916,9790,10126,71,34,37,2.7,1795
2014,용인시 수지구,동천동,12065,35044,17389,17655,34712,17208,17504,332,181,151,2.9,3190
2014,용인시 수지구,상현1동,15783,47453,23126,24327,47312,23063,24249,141,63,78,3,4583
2014,용인시 수지구,상현2동,10411,32560,15844,16716,32520,15830,16690,40,14,26,3.1,3830
2014,용인시 수지구,성복동,12285,36738,17765,18973,36535,17634,18901,203,131,72,3,5554
2015,용인시 처인구,포곡읍,13039,34907,17886,17021,34087,17393,16694,820,493,327,2.6,3406
2015,용인시 처인구,모현읍,10314,26638,14248,12390,25282,13310,11972,1356,938,418,2.5,3187
2015,용인시 처인구,이동읍,8022,21464,11138,10326,20292,10267,10025,1172,871,301,2.6,2812
2015,용인시 처인구,남사면,3168,7964,4480,3484,7082,3742,3340,882,738,144,2.3,1649
2015,용인시 처인구,원삼면,3430,8279,4407,3872,7748,4011,3737,531,396,135,2.3,1766
2015,용인시 처인구,백암면,4121,9739,5253,4486,9156,4787,4369,583,466,117,2.3,2134
2015,용인시 처인구,양지면,7205,17800,9422,8378,17218,8994,8224,582,428,154,2.4,2171
2015,용인시 처인구,중앙동,9898,25352,12843,12509,23815,12037,11778,1537,806,731,2.4,2550
2015,용인시 처인구,역삼동,11172,29583,14913,14670,29090,14665,14425,493,248,245,2.6,2463
2015,용인시 처인구,유림동,11697,33444,16983,16461,32988,16726,16262,456,257,199,2.8,2823
2015,용인시 처인구,동부동,5839,15205,7702,7503,14589,7401,7188,616,301,315,2.5,1612
2015,용인시 기흥구,신갈동,13687,37556,18699,18857,36528,18157,18371,1028,542,486,2.7,3834
2015,용인시 기흥구,영덕동,15607,44664,22181,22483,44328,22021,22307,336,160,176,2.9,3289
2015,용인시 기흥구,구갈동,11574,28143,14151,13992,27359,13753,13606,784,398,386,2.4,2305
2015,용인시 기흥구,상갈동,17200,47076,23713,23363,46464,23382,23082,612,331,281,2.7,5021
2015,용인시 기흥구,기흥동,8564,22902,11409,11493,22641,11253,11388,261,156,105,2.7,2421
2015,용인시 기흥구,서농동,8333,20774,10509,10265,19951,10113,9838,823,396,427,2.3,1088
2015,용인시 기흥구,구성동,14422,41276,20086,21190,41102,20015,21087,174,71,103,2.9,5228
2015,용인시 기흥구,마북동,11176,31823,15591,16232,31677,15529,16148,146,62,84,2.8,4608
2015,용인시 기흥구,동백동,25383,78607,38580,40027,78254,38428,39826,353,152,201,3.1,5620
2015,용인시 기흥구,상하동,8555,24975,12224,12751,24758,12100,12658,217,124,93,2.9,2477
2015,용인시 기흥구,보정동,12811,36375,17819,18556,36100,17656,18444,275,163,112,2.8,4726
2015,용인시 수지구,풍덕천1동,14271,37724,18768,18956,37107,18465,18642,617,303,314,2.6,3594
2015,용인시 수지구,풍덕천2동,13661,40235,19768,20467,40020,19673,20347,215,95,120,2.9,3342
2015,용인시 수지구,신봉동,11995,36194,17652,18542,36119,17607,18512,75,45,30,3,4323
2015,용인시 수지구,죽전1동,20280,60134,29335,30799,59221,28965,30256,913,370,543,2.9,5711
2015,용인시 수지구,죽전2동,7460,19792,9718,10074,19712,9682,10030,80,36,44,2.7,1859
2015,용인시 수지구,동천동,12189,35228,17404,17824,34889,17236,17653,339,168,171,2.9,3317
2015,용인시 수지구,상현1동,15960,47724,23242,24482,47588,23188,24400,136,54,82,3,4818
2015,용인시 수지구,상현2동,10469,32632,15859,16773,32586,15840,16746,46,19,27,3.1,4034
2015,용인시 수지구,성복동,12765,38187,18455,19732,37995,18331,19664,192,124,68,3,5930
2016,용인시 처인구,포곡읍,14007,35736,18309,17427,34937,17823,17114,799,486,313,2.5,3602
2016,용인시 처인구,모현읍,10815,27635,14772,12863,26228,13805,12423,1407,967,440,2.4,3360
2016,용인시 처인구,이동읍,8488,22557,11728,10829,21356,10838,10518,1201,890,311,2.5,2991
2016,용인시 처인구,남사면,3200,7946,4486,3460,7052,3722,3330,894,764,130,2.2,1666
2016,용인시 처인구,원삼면,3534,8403,4475,3928,7847,4070,3777,556,405,151,2.2,1842
2016,용인시 처인구,백암면,4177,9628,5176,4452,9054,4721,4333,574,455,119,2.2,2125
2016,용인시 처인구,양지면,7577,18547,9908,8639,17965,9485,8480,582,423,159,2.4,2303
2016,용인시 처인구,중앙동,10544,26176,13251,12925,24599,12407,12192,1577,844,733,2.3,2700
2016,용인시 처인구,역삼동,11603,30307,15235,15072,29798,14982,14816,509,253,256,2.6,2615
2016,용인시 처인구,유림동,11713,33512,16958,16554,33055,16717,16338,457,241,216,2.8,2906
2016,용인시 처인구,동부동,5792,14849,7585,7264,14239,7271,6968,610,314,296,2.5,1709
2016,용인시 기흥구,신갈동,13692,37494,18641,18853,36545,18148,18397,949,493,456,2.7,4034
2016,용인시 기흥구,영덕동,15946,45400,22492,22908,45028,22292,22736,372,200,172,2.8,3533
2016,용인시 기흥구,구갈동,11570,28012,14063,13949,27189,13651,13538,823,412,411,2.3,2435
2016,용인시 기흥구,상갈동,17562,47314,23814,23500,46753,23522,23231,561,292,269,2.7,5251
2016,용인시 기흥구,기흥동,8625,22983,11476,11507,22705,11307,11398,278,169,109,2.6,2564
2016,용인시 기흥구,서농동,9981,24922,12697,12225,24008,12304,11704,914,393,521,2.4,1232
2016,용인시 기흥구,구성동,14409,41035,19879,21156,40894,19823,21071,141,56,85,2.8,5507
2016,용인시 기흥구,마북동,11415,32282,15818,16464,32144,15763,16381,138,55,83,2.8,4821
2016,용인시 기흥구,동백동,26063,80282,39333,40949,79937,39185,40752,345,148,197,3.1,5984
2016,용인시 기흥구,상하동,8777,25544,12498,13046,25333,12373,12960,211,125,86,2.9,2611
2016,용인시 기흥구,보정동,12903,36869,18068,18801,36627,17948,18679,242,120,122,2.8,4927
2016,용인시 수지구,풍덕천1동,14514,37997,18989,19008,37501,18753,18748,496,236,260,2.6,3764
2016,용인시 수지구,풍덕천2동,13598,40119,19680,20439,39871,19570,20301,248,110,138,2.9,3329
2016,용인시 수지구,신봉동,12440,37142,18080,19062,37067,18037,19030,75,43,32,3,4538
2016,용인시 수지구,죽전1동,20537,60558,29506,31052,59395,29035,30360,1163,471,692,2.9,5942
2016,용인시 수지구,죽전2동,7469,19679,9740,9939,19589,9694,9895,90,46,44,2.6,1956
2016,용인시 수지구,동천동,13236,36606,18054,18552,36270,17892,18378,336,162,174,2.7,3528
2016,용인시 수지구,상현1동,16120,47504,23111,24393,47359,23054,24305,145,57,88,2.9,4961
2016,용인시 수지구,상현2동,10624,33164,16106,17058,33105,16082,17023,59,24,35,3.1,4200
2016,용인시 수지구,성복동,12628,37810,18172,19638,37676,18100,19576,134,72,62,3,6204
2017,용인시 처인구,포곡읍,13880,35175,18118,17057,34433,17675,16758,742,443,299,2.5,3804
2017,용인시 처인구,모현읍,11033,27969,14961,13008,26461,13928,12533,1508,1033,475,2.4,3617
2017,용인시 처인구,이동읍,8527,22208,11561,10647,21086,10732,10354,1122,829,293,2.5,3158
2017,용인시 처인구,남사면,3189,7734,4395,3339,6901,3683,3218,833,712,121,2.2,1745
2017,용인시 처인구,원삼면,3579,8461,4512,3949,7863,4079,3784,598,433,165,2.2,1905
2017,용인시 처인구,백암면,4200,9374,5107,4267,8790,4624,4166,584,483,101,2.1,2210
2017,용인시 처인구,양지면,7862,18864,10047,8817,18267,9613,8654,597,434,163,2.3,2469
2017,용인시 처인구,중앙동,10874,26563,13426,13137,24841,12518,12323,1722,908,814,2.3,2910
2017,용인시 처인구,역삼동,13915,36548,18387,18161,36013,18114,17899,535,273,262,2.6,3186
2017,용인시 처인구,유림동,11752,33295,16816,16479,32808,16555,16253,487,261,226,2.8,3166
2017,용인시 처인구,동부동,5785,14690,7538,7152,14090,7221,6869,600,317,283,2.4,1816
2017,용인시 기흥구,신갈동,13768,37219,18487,18732,36314,18011,18303,905,476,429,2.6,4239
2017,용인시 기흥구,영덕동,16129,45275,22489,22786,44921,22313,22608,354,176,178,2.8,3723
2017,용인시 기흥구,구갈동,11637,28121,14126,13995,27309,13732,13577,812,394,418,2.3,2653
2017,용인시 기흥구,상갈동,17409,46691,23532,23159,46186,23276,22910,505,256,249,2.7,5555
2017,용인시 기흥구,기흥동,8541,22741,11307,11434,22471,11141,11330,270,166,104,2.6,2718
2017,용인시 기흥구,서농동,10476,26559,13536,13023,25667,13143,12524,892,393,499,2.5,1424
2017,용인시 기흥구,구성동,14421,40703,19711,20992,40565,19659,20906,138,52,86,2.8,5827
2017,용인시 기흥구,마북동,11856,33065,16218,16847,32931,16163,16768,134,55,79,2.8,5182
2017,용인시 기흥구,동백동,26708,81561,39939,41622,81180,39767,41413,381,172,209,3,6511
2017,용인시 기흥구,상하동,8866,25457,12478,12979,25261,12366,12895,196,112,84,2.8,2777
2017,용인시 기흥구,보정동,12954,36855,18082,18773,36624,17977,18647,231,105,126,2.8,5227
2017,용인시 수지구,풍덕천1동,14401,37314,18626,18688,36849,18416,18433,465,210,255,2.6,3894
2017,용인시 수지구,풍덕천2동,14873,43140,21161,21979,42894,21046,21848,246,115,131,2.9,3657
2017,용인시 수지구,신봉동,12832,38031,18487,19544,37944,18434,19510,87,53,34,3,4893
2017,용인시 수지구,죽전1동,20668,60315,29345,30970,59116,28867,30249,1199,478,721,2.9,6304
2017,용인시 수지구,죽전2동,7435,19433,9558,9875,19352,9521,9831,81,37,44,2.6,2075
2017,용인시 수지구,동천동,13468,36897,18206,18691,36543,18035,18508,354,171,183,2.7,3845
2017,용인시 수지구,상현1동,16606,48114,23355,24759,47958,23290,24668,156,65,91,2.9,5256
2017,용인시 수지구,상현2동,11036,33813,16450,17363,33766,16434,17332,47,16,31,3.1,4483
2017,용인시 수지구,성복동,13005,38822,18664,20158,38677,18590,20087,145,74,71,3,6653
2018,용인시 처인구,포곡읍,13770,34167,17672,16495,33404,17211,16193,763,461,302,2.4,3963
2018,용인시 처인구,모현읍,11071,27717,14782,12935,26107,13689,12418,1610,1093,517,2.4,3795
2018,용인시 처인구,이동읍,8490,21544,11257,10287,20397,10408,9989,1147,849,298,2.4,3290
2018,용인시 처인구,남사면,8549,21216,11002,10214,20351,10306,10045,865,696,169,2.4,3050
2018,용인시 처인구,원삼면,3695,8603,4615,3988,7959,4147,3812,644,468,176,2.2,1989
2018,용인시 처인구,백암면,4247,9265,5121,4144,8606,4575,4031,659,546,113,2,2289
2018,용인시 처인구,양지면,7821,18627,9940,8687,17976,9465,8511,651,475,176,2.3,2583
2018,용인시 처인구,중앙동,11147,26642,13449,13193,24662,12441,12221,1980,1008,972,2.2,3112
2018,용인시 처인구,역삼동,16304,42942,21696,21246,42276,21325,20951,666,371,295,2.6,3662
2018,용인시 처인구,유림동,12441,34331,17355,16976,33814,17085,16729,517,270,247,2.7,3386
2018,용인시 처인구,동부동,5765,14295,7377,6918,13566,6964,6602,729,413,316,2.4,1909
2018,용인시 기흥구,신갈동,14002,36954,18482,18472,35965,17966,17999,989,516,473,2.6,4471
2018,용인시 기흥구,영덕동,16234,44567,22093,22474,44241,21945,22296,326,148,178,2.7,4018
2018,용인시 기흥구,구갈동,16507,40490,20292,20198,39484,19770,19714,1006,522,484,2.4,3466
2018,용인시 기흥구,상갈동,17288,45777,23081,22696,45235,22803,22432,542,278,264,2.6,5854
2018,용인시 기흥구,기흥동,8398,22116,11058,11058,21854,10891,10963,262,167,95,2.6,2847
2018,용인시 기흥구,서농동,10685,26844,13641,13203,25922,13225,12697,922,416,506,2.4,1542
2018,용인시 기흥구,구성동,14535,40083,19404,20679,39941,19352,20589,142,52,90,2.7,6083
2018,용인시 기흥구,마북동,11964,32741,16026,16715,32601,15959,16642,140,67,73,2.7,5401
2018,용인시 기흥구,동백동,26893,81335,39759,41576,80973,39605,41368,362,154,208,3,6905
2018,용인시 기흥구,상하동,8949,25320,12400,12920,25092,12263,12829,228,137,91,2.8,2944
2018,용인시 기흥구,보정동,13013,36625,17940,18685,36411,17840,18571,214,100,114,2.8,5327
2018,용인시 수지구,풍덕천1동,14331,36300,18132,18168,35755,17864,17891,545,268,277,2.5,4064
2018,용인시 수지구,풍덕천2동,15056,43192,21082,22110,42956,20979,21977,236,103,133,2.9,3733
2018,용인시 수지구,신봉동,13063,38127,18476,19651,38037,18431,19606,90,45,45,2.9,5135
2018,용인시 수지구,죽전1동,20621,59202,28712,30490,57859,28194,29665,1343,518,825,2.8,6476
2018,용인시 수지구,죽전2동,7479,19100,9452,9648,19011,9414,9597,89,38,51,2.5,2115
2018,용인시 수지구,동천동,15299,41385,20360,21025,41013,20174,20839,372,186,186,2.7,4386
2018,용인시 수지구,상현1동,17502,49721,24121,25600,49568,24056,25512,153,65,88,2.8,5512
2018,용인시 수지구,상현2동,11132,33418,16281,17137,33365,16258,17107,53,23,30,3,4574
2018,용인시 수지구,성복동,13886,40876,19603,21273,40725,19522,21203,151,81,70,2.9,7185
2019,용인시 처인구,포곡읍,13924,33705,17512,16193,32950,17023,15927,755,489,266,2.37,4170
2019,용인시 처인구,모현읍,11264,27325,14544,12781,25737,13483,12254,1588,1061,527,2.28,3976
2019,용인시 처인구,이동읍,8543,21360,11185,10175,20176,10306,9870,1184,879,305,2.36,3447
2019,용인시 처인구,남사면,9480,23762,12267,11495,22881,11589,11292,881,678,203,2.41,3301
2019,용인시 처인구,원삼면,3901,8870,4777,4093,8223,4292,3931,647,485,162,2.11,2125
2019,용인시 처인구,백암면,4337,9178,5130,4048,8467,4527,3940,711,603,108,1.95,2358
2019,용인시 처인구,양지면,8203,19091,10191,8900,18445,9722,8723,646,469,177,2.25,2796
2019,용인시 처인구,중앙동,11335,26300,13357,12943,24265,12238,12027,2035,1119,916,2.14,3198
2019,용인시 처인구,역삼동,17263,44498,22424,22074,43763,22001,21762,735,423,312,2.54,3991
2019,용인시 처인구,유림동,13527,36327,18348,17979,35708,18011,17697,619,337,282,2.64,3744
2019,용인시 처인구,동부동,5767,14090,7307,6783,13281,6842,6439,809,465,344,2.3,2066
2019,용인시 기흥구,신갈동,15651,39958,19999,19959,38953,19472,19481,1005,527,478,2.49,4884
2019,용인시 기흥구,영덕동,17671,47348,23468,23880,47013,23328,23685,335,140,195,2.66,4449
2019,용인시 기흥구,구갈동,17515,43136,21537,21599,42098,21016,21082,1038,521,517,2.4,3745
2019,용인시 기흥구,상갈동,18211,47303,23790,23513,46833,23549,23284,470,241,229,2.57,6173
2019,용인시 기흥구,기흥동,8354,21313,10621,10692,21048,10448,10600,265,173,92,2.52,3010
2019,용인시 기흥구,서농동,10636,26321,13374,12947,25365,12931,12434,956,443,513,2.38,1695
2019,용인시 기흥구,구성동,14706,39716,19231,20485,39561,19173,20388,155,58,97,2.69,6363
2019,용인시 기흥구,마북동,12044,32477,15902,16575,32319,15834,16485,158,68,90,2.68,5642
2019,용인시 기흥구,동백동,28055,82922,40400,42522,82577,40267,42310,345,133,212,2.94,8117
2019,용인시 기흥구,상하동,9027,25097,12280,12817,24874,12151,12723,223,129,94,2.76,3167
2019,용인시 기흥구,보정동,13034,36279,17736,18543,36038,17627,18411,241,109,132,2.76,5537
2019,용인시 수지구,풍덕천1동,14987,36536,18251,18285,36007,18005,18002,529,246,283,2.4,4255
2019,용인시 수지구,풍덕천2동,14959,42320,20712,21608,42070,20605,21465,250,107,143,2.81,3744
2019,용인시 수지구,신봉동,13193,38017,18489,19528,37915,18438,19477,102,51,51,2.87,5283
2019,용인시 수지구,죽전1동,20750,58535,28260,30275,57156,27705,29451,1379,555,824,2.75,6787
2019,용인시 수지구,죽전2동,7477,18792,9289,9503,18685,9241,9444,107,48,59,2.5,2228
2019,용인시 수지구,동천동,17314,46338,22804,23534,45942,22613,23329,396,191,205,2.65,5058
2019,용인시 수지구,상현1동,17581,49086,23808,25278,48909,23736,25173,177,72,105,2.78,5751
2019,용인시 수지구,상현2동,11583,34208,16654,17554,34141,16626,17515,67,28,39,2.95,4828
2019,용인시 수지구,성복동,16588,48383,23230,25153,48209,23147,25062,174,83,91,2.91,7929
2020,용인시 처인구,포곡읍,14372,34052,17744,16308,33300,17230,16070,752,514,238,2.32,4433
2020,용인시 처인구,모현읍,11783,27580,14697,12883,26202,13729,12473,1378,968,410,2.22,4259
2020,용인시 처인구,이동읍,8796,21348,11185,10163,20265,10372,9893,1083,813,270,2.3,3623
2020,용인시 처인구,남사면,9759,24352,12454,11898,23547,11849,11698,805,605,200,2.41,3479
2020,용인시 처인구,원삼면,4013,8826,4737,4089,8252,4302,3950,574,435,139,2.06,2230
2020,용인시 처인구,백암면,4431,9134,5126,4008,8461,4561,3900,673,565,108,1.91,2499
2020,용인시 처인구,양지면,8794,19667,10543,9124,19084,10131,8953,583,412,171,2.17,2984
2020,용인시 처인구,중앙동,11758,26438,13450,12988,24635,12458,12177,1803,992,811,2.1,3450
2020,용인시 처인구,역삼동,18199,45320,22744,22576,44675,22398,22277,645,346,299,2.45,4334
2020,용인시 처인구,유림동,13925,36515,18449,18066,35949,18148,17801,566,301,265,2.58,4076
2020,용인시 처인구,동부동,5854,13920,7226,6694,13128,6796,6332,792,430,362,2.24,2212
2020,용인시 기흥구,신갈동,15976,39725,19838,19887,38844,19365,19479,881,473,408,2.43,5237
2020,용인시 기흥구,영덕1동,11659,30943,15361,15582,30729,15271,15458,214,90,124,2.64,2708
2020,용인시 기흥구,영덕2동,7104,17715,8775,8940,17623,8736,8887,92,39,53,2.48,2130
2020,용인시 기흥구,구갈동,17811,42923,21416,21507,42070,20974,21096,853,442,411,2.36,4019
2020,용인시 기흥구,상갈동,6155,13686,7050,6636,13432,6931,6501,254,119,135,2.18,1914
2020,용인시 기흥구,보라동,12396,33866,16817,17049,33685,16723,16962,181,94,87,2.72,4639
2020,용인시 기흥구,기흥동,8634,21591,10715,10876,21332,10546,10786,259,169,90,2.47,3272
2020,용인시 기흥구,서농동,11374,26642,13656,12986,25962,13312,12650,680,344,336,2.28,1891
2020,용인시 기흥구,구성동,14888,39523,19097,20426,39372,19040,20332,151,57,94,2.64,6692
2020,용인시 기흥구,마북동,12193,32549,15910,16639,32392,15838,16554,157,72,85,2.66,5848
2020,용인시 기흥구,동백1동,11508,33192,15946,17246,33055,15903,17152,137,43,94,2.87,3112
2020,용인시 기흥구,동백2동,9140,27329,13417,13912,27235,13374,13861,94,43,51,2.98,2654
2020,용인시 기흥구,동백3동,8592,23614,11473,12141,23521,11432,12089,93,41,52,2.74,3523
2020,용인시 기흥구,상하동,9228,25189,12342,12847,24970,12220,12750,219,122,97,2.71,3402
2020,용인시 기흥구,보정동,13321,36833,18110,18723,36613,17998,18615,220,112,108,2.75,5702
2020,용인시 수지구,풍덕천1동,15782,37225,18516,18709,36762,18307,18455,463,209,254,2.33,5004
2020,용인시 수지구,풍덕천2동,15037,41909,20547,21362,41680,20442,21238,229,105,124,2.77,3771
2020,용인시 수지구,신봉동,13429,38281,18595,19686,38172,18543,19629,109,52,57,2.84,5552
2020,용인시 수지구,죽전1동,21007,57750,27772,29978,56882,27442,29440,868,330,538,2.71,7189
2020,용인시 수지구,죽전2동,7557,18632,9194,9438,18533,9151,9382,99,43,56,2.45,2327
2020,용인시 수지구,동천동,18877,49943,24621,25322,49521,24413,25108,422,208,214,2.62,5619
2020,용인시 수지구,상현1동,17711,48818,23605,25213,48649,23535,25114,169,70,99,2.75,5858
2020,용인시 수지구,상현2동,11698,34148,16625,17523,34092,16604,17488,56,21,35,2.91,4979
2020,용인시 수지구,성복동,17758,51729,24860,26869,51552,24773,26779,177,87,90,2.9,8475
2021,용인시 처인구,포곡읍,14592,34202,17761,16441,33495,17300,16195,707,461,246,2.34,4691
2021,용인시 처인구,모현읍,12407,28376,15077,13299,27119,14224,12895,1257,853,404,2.29,4556
2021,용인시 처인구,이동읍,9057,21517,11266,10251,20446,10468,9978,1071,798,273,2.38,3789
2021,용인시 처인구,남사읍,9873,24654,12613,12041,23904,12065,11839,750,548,202,2.5,3615
2021,용인시 처인구,원삼면,4068,8797,4700,4097,8278,4305,3973,519,395,124,2.16,2336
2021,용인시 처인구,백암면,4500,9011,5065,3946,8394,4555,3839,617,510,107,2,2524
2021,용인시 처인구,양지면,9257,20038,10749,9289,19493,10363,9130,545,386,159,2.16,3222
2021,용인시 처인구,중앙동,12250,26769,13673,13096,25010,12718,12292,1759,955,804,2.19,3635
2021,용인시 처인구,역북동,13834,32442,16392,16050,31872,16097,15775,570,295,275,2.35,2956
2021,용인시 처인구,삼가동,4840,12723,6238,6485,12637,6201,6436,86,37,49,2.63,1635
2021,용인시 처인구,유림동,14339,36851,18619,18232,36320,18337,17983,531,282,249,2.57,4373
2021,용인시 처인구,동부동,6031,13978,7280,6698,13230,6870,6360,748,410,338,2.32,2392
2021,용인시 기흥구,신갈동,16134,39021,19502,19519,38287,19122,19165,734,380,354,2.42,5417
2021,용인시 기흥구,영덕1동,11721,30590,15202,15388,30389,15116,15273,201,86,115,2.61,2942
2021,용인시 기흥구,영덕2동,7214,17593,8683,8910,17504,8645,8859,89,38,51,2.44,2260
2021,용인시 기흥구,구갈동,18097,42552,21298,21254,41715,20866,20849,837,432,405,2.35,4248
2021,용인시 기흥구,상갈동,6165,13425,6931,6494,13188,6821,6367,237,110,127,2.18,1963
2021,용인시 기흥구,보라동,12434,33460,16532,16928,33285,16450,16835,175,82,93,2.69,4891
2021,용인시 기흥구,기흥동,8953,21863,10871,10992,21625,10718,10907,238,153,85,2.44,3503
2021,용인시 기흥구,서농동,11960,26948,13853,13095,26296,13548,12748,652,305,347,2.25,2015
2021,용인시 기흥구,구성동,15483,40400,19472,20928,40258,19418,20840,142,54,88,2.61,7140
2021,용인시 기흥구,마북동,12323,32144,15706,16438,32008,15647,16361,136,59,77,2.61,6043
2021,용인시 기흥구,동백1동,11633,32836,15730,17106,32702,15694,17008,134,36,98,2.82,3278
2021,용인시 기흥구,동백2동,9350,27357,13433,13924,27264,13387,13877,93,46,47,2.93,2878
2021,용인시 기흥구,동백3동,9815,26571,12911,13660,26473,12868,13605,98,43,55,2.71,3944
2021,용인시 기흥구,상하동,9215,24733,12043,12690,24535,11937,12598,198,106,92,2.68,3593
2021,용인시 기흥구,보정동,13347,36431,17874,18557,36213,17762,18451,218,112,106,2.73,5793
2021,용인시 수지구,풍덕천1동,15833,36648,18232,18416,36189,18038,18151,459,194,265,2.31,5114
2021,용인시 수지구,풍덕천2동,14951,41220,20261,20959,41003,20175,20828,217,86,131,2.76,3873
2021,용인시 수지구,신봉동,13407,37929,18363,19566,37827,18310,19517,102,53,49,2.83,5649
2021,용인시 수지구,죽전1동,10732,29989,14401,15588,29168,14105,15063,821,296,525,2.79,4253
2021,용인시 수지구,죽전2동,7703,18471,9141,9330,18387,9107,9280,84,34,50,2.4,2455
2021,용인시 수지구,죽전3동,10656,27400,13136,14264,27063,13007,14056,337,129,208,2.57,3352
2021,용인시 수지구,동천동,19117,50108,24665,25443,49723,24478,25245,385,187,198,2.62,5977
2021,용인시 수지구,상현1동,6754,20511,9804,10707,20422,9775,10647,89,29,60,3.04,2901
2021,용인시 수지구,상현2동,11528,33334,16173,17161,33287,16158,17129,47,15,32,2.89,5029
2021,용인시 수지구,상현3동,11114,27994,13529,14465,27895,13488,14407,99,41,58,2.52,3116
2021,용인시 수지구,성복동,18805,54779,26400,28379,54604,26316,28288,175,84,91,2.91,8912
2022,용인시 처인구,포곡읍,14680,34119,17665,16454,33508,17302,16206,611,363,248,2.32,4939
2022,용인시 처인구,모현읍,12333,28120,14919,13201,26726,13971,12755,1394,948,446,2.28,4779
2022,용인시 처인구,이동읍,9209,21760,11471,10289,20536,10545,9991,1224,926,298,2.36,4012
2022,용인시 처인구,남사읍,9844,24498,12583,11915,23713,11991,11722,785,592,193,2.49,3810
2022,용인시 처인구,원삼면,3970,8574,4622,3952,8022,4187,3835,552,435,117,2.16,2363
2022,용인시 처인구,백암면,4500,8995,5103,3892,8296,4518,3778,699,585,114,2,2611
2022,용인시 처인구,양지면,9377,20266,10895,9371,19723,10509,9214,543,386,157,2.16,3425
2022,용인시 처인구,중앙동,12411,26816,13717,13099,25046,12727,12319,1770,990,780,2.16,3952
2022,용인시 처인구,역북동,14021,32511,16431,16080,31899,16123,15776,612,308,304,2.32,3127
2022,용인시 처인구,삼가동,4854,12609,6200,6409,12527,6165,6362,82,35,47,2.6,1752
2022,용인시 처인구,유림동,14402,36682,18554,18128,36134,18277,17857,548,277,271,2.55,4526
2022,용인시 처인구,동부동,6053,13889,7195,6694,13158,6798,6360,731,397,334,2.29,2527
2022,용인시 기흥구,신갈동,16121,38583,19243,19340,37875,18889,18986,708,354,354,2.39,5602
2022,용인시 기흥구,영덕1동,11819,30396,15102,15294,30183,15008,15175,213,94,119,2.57,3127
2022,용인시 기흥구,영덕2동,7225,17519,8651,8868,17428,8608,8820,91,43,48,2.42,2375
2022,용인시 기흥구,구갈동,18118,42326,21194,21132,41361,20712,20649,965,482,483,2.34,4516
2022,용인시 기흥구,상갈동,6229,13428,6966,6462,13176,6847,6329,252,119,133,2.16,2019
2022,용인시 기흥구,보라동,12392,33205,16362,16843,33016,16265,16751,189,97,92,2.68,5122
2022,용인시 기흥구,기흥동,9093,21712,10818,10894,21477,10666,10811,235,152,83,2.39,3662
2022,용인시 기흥구,서농동,11947,27014,13831,13183,26056,13403,12653,958,428,530,2.26,2160
2022,용인시 기흥구,구성동,15483,40048,19305,20743,39913,19254,20659,135,51,84,2.59,7460
2022,용인시 기흥구,마북동,12303,31844,15544,16300,31675,15459,16216,169,85,84,2.59,6187
2022,용인시 기흥구,동백1동,11667,32586,15594,16992,32460,15558,16902,126,36,90,2.79,3482
2022,용인시 기흥구,동백2동,9437,27171,13354,13817,27077,13309,13768,94,45,49,2.88,3042
2022,용인시 기흥구,동백3동,10024,26952,13081,13871,26850,13033,13817,102,48,54,2.69,4105
2022,용인시 기흥구,상하동,9173,24205,11777,12428,23984,11648,12336,221,129,92,2.64,3811
2022,용인시 기흥구,보정동,13263,35958,17662,18296,35704,17521,18183,254,141,113,2.71,5939
2022,용인시 수지구,풍덕천1동,15745,36136,18059,18077,35668,17850,17818,468,209,259,2.3,5317
2022,용인시 수지구,풍덕천2동,15285,41687,20426,21261,41454,20336,21118,233,90,143,2.73,4018
2022,용인시 수지구,신봉동,14627,40934,19798,21136,40816,19744,21072,118,54,64,2.8,6041
2022,용인시 수지구,죽전1동,10713,29405,14148,15257,28673,13884,14789,732,264,468,2.74,4427
2022,용인시 수지구,죽전2동,7681,18281,9092,9189,18178,9050,9128,103,42,61,2.38,2540
2022,용인시 수지구,죽전3동,10683,27321,13131,14190,26717,12924,13793,604,207,397,2.56,3516
2022,용인시 수지구,동천동,19487,51042,25139,25903,50642,24947,25695,400,192,208,2.62,6355
2022,용인시 수지구,상현1동,6633,20179,9656,10523,20116,9635,10481,63,21,42,3.04,2956
2022,용인시 수지구,상현2동,11427,32972,15986,16986,32922,15968,16954,50,18,32,2.89,5166
2022,용인시 수지구,상현3동,11139,27814,13413,14401,27697,13374,14323,117,39,78,2.5,3238
2022,용인시 수지구,성복동,18783,54737,26404,28333,54565,26318,28247,172,86,86,2.91,9220
2023,용인시 처인구,포곡읍,14538,33571,17406,16165,32880,16989,15891,691,417,274,2.31,5185
2023,용인시 처인구,모현읍,12242,27810,14811,12999,26287,13756,12531,1523,1055,468,2.27,5079
2023,용인시 처인구,이동읍,9163,21518,11430,10088,20066,10337,9729,1452,1093,359,2.35,4191
2023,용인시 처인구,남사읍,10011,24813,12812,12001,23881,12081,11800,932,731,201,2.48,4083
2023,용인시 처인구,원삼면,4021,8638,4735,3903,7914,4147,3767,724,588,136,2.15,2428
2023,용인시 처인구,백암면,4400,8899,5098,3801,8045,4370,3675,854,728,126,2.02,2699
2023,용인시 처인구,양지면,9602,20513,11067,9446,19846,10603,9243,667,464,203,2.14,3660
2023,용인시 처인구,중앙동,12433,26688,13720,12968,24848,12659,12189,1840,1061,779,2.15,4221
2023,용인시 처인구,역북동,15702,36105,18188,17917,35463,17863,17600,642,325,317,2.3,3727
2023,용인시 처인구,삼가동,4826,12444,6148,6296,12359,6115,6244,85,33,52,2.58,1853
2023,용인시 처인구,유림동,14924,37774,19146,18628,37133,18800,18333,641,346,295,2.53,4838
2023,용인시 처인구,동부동,6001,13544,6985,6559,12766,6569,6197,778,416,362,2.26,2676
2023,용인시 기흥구,신갈동,16117,37964,18959,19005,37241,18585,18656,723,374,349,2.36,5880
2023,용인시 기흥구,영덕1동,12515,31570,15634,15936,31353,15546,15807,217,88,129,2.52,3444
2023,용인시 기흥구,영덕2동,7913,19302,9538,9764,19199,9488,9711,103,50,53,2.44,2613
2023,용인시 기흥구,구갈동,18110,41988,21034,20954,41015,20573,20442,973,461,512,2.32,4773
2023,용인시 기흥구,상갈동,6182,13161,6823,6338,12896,6699,6197,265,124,141,2.13,2105
2023,용인시 기흥구,보라동,12456,33126,16345,16781,32906,16228,16678,220,117,103,2.66,5428
2023,용인시 기흥구,기흥동,9119,21533,10726,10807,21293,10567,10726,240,159,81,2.36,3908
2023,용인시 기흥구,서농동,11317,26202,13296,12906,25240,12901,12339,962,395,567,2.32,2322
2023,용인시 기흥구,구성동,15375,39429,18976,20453,39303,18926,20377,126,50,76,2.56,7852
2023,용인시 기흥구,마북동,12272,31652,15461,16191,31449,15358,16091,203,103,100,2.58,6390
2023,용인시 기흥구,동백1동,11656,32152,15348,16804,32023,15303,16720,129,45,84,2.76,3733
2023,용인시 기흥구,동백2동,9450,26983,13251,13732,26894,13206,13688,89,45,44,2.86,3244
2023,용인시 기흥구,동백3동,10114,27007,13146,13861,26898,13100,13798,109,46,63,2.67,4266
2023,용인시 기흥구,상하동,9205,23870,11619,12251,23620,11467,12153,250,152,98,2.59,4097
2023,용인시 기흥구,보정동,13170,35590,17423,18167,35326,17271,18055,264,152,112,2.7,6102
2023,용인시 수지구,풍덕천1동,15714,35736,17867,17869,35189,17627,17562,547,240,307,2.27,5509
2023,용인시 수지구,풍덕천2동,15353,41686,20453,21233,41450,20362,21088,236,91,145,2.72,4115
2023,용인시 수지구,신봉동,14765,41445,19988,21457,41317,19928,21389,128,60,68,2.81,6322
2023,용인시 수지구,죽전1동,10701,28883,13898,14985,28433,13733,14700,450,165,285,2.7,4640
2023,용인시 수지구,죽전2동,7651,18106,8973,9133,18003,8927,9076,103,46,57,2.37,2657
2023,용인시 수지구,죽전3동,10719,27591,13260,14331,26584,12906,13678,1007,354,653,2.57,3686
2023,용인시 수지구,동천동,19507,51196,25167,26029,50793,24984,25809,403,183,220,2.62,6754
2023,용인시 수지구,상현1동,6624,20138,9669,10469,20088,9649,10439,50,20,30,3.04,3032
2023,용인시 수지구,상현2동,11491,33168,16052,17116,33110,16032,17078,58,20,38,2.89,5313
2023,용인시 수지구,상현3동,11179,27878,13445,14433,27759,13408,14351,119,37,82,2.49,3402
2023,용인시 수지구,성복동,18802,54888,26414,28474,54696,26324,28372,192,90,102,2.92,9540
2024,용인시 처인구,포곡읍,14173,32161,16724,15437,31300,16189,15111,861,535,326,2.27,5477
2024,용인시 처인구,모현읍,13017,29171,15488,13683,27529,14349,13180,1642,1139,503,2.24,5479
2024,용인시 처인구,이동읍,9018,21089,11220,9869,19464,10029,9435,1625,1191,434,2.34,4389
2024,용인시 처인구,남사읍,9986,24705,12826,11879,23644,11991,11653,1061,835,226,2.47,4304
2024,용인시 처인구,원삼면,3999,8484,4648,3836,7737,4049,3688,747,599,148,2.12,2527
2024,용인시 처인구,백암면,4349,8872,5085,3787,7901,4263,3638,971,822,149,2.04,2815
2024,용인시 처인구,양지면,9748,20447,10941,9506,19751,10459,9292,696,482,214,2.1,3893
2024,용인시 처인구,중앙동,13418,28936,14767,14169,26751,13531,13220,2185,1236,949,2.16,4742
2024,용인시 처인구,역북동,15645,35417,17847,17570,34747,17503,17244,670,344,326,2.26,3940
2024,용인시 처인구,삼가동,4774,12132,6017,6115,12053,5982,6071,79,35,44,2.54,1958
2024,용인시 처인구,유림동,20942,51752,26130,25622,50982,25728,25254,770,402,368,2.47,6125
2024,용인시 처인구,동부동,5974,13077,6771,6306,12303,6350,5953,774,421,353,2.19,2810
2024,용인시 기흥구,신갈동,16006,37368,18654,18714,36624,18270,18354,744,384,360,2.33,6187
2024,용인시 기흥구,영덕1동,13733,34536,17063,17473,34273,16950,17323,263,113,150,2.51,3985
2024,용인시 기흥구,영덕2동,7935,19355,9543,9812,19232,9479,9753,123,64,59,2.44,2778
2024,용인시 기흥구,구갈동,18049,41546,20961,20585,40300,20356,19944,1246,605,641,2.3,5069
2024,용인시 기흥구,상갈동,6102,12863,6653,6210,12584,6512,6072,279,141,138,2.11,2232
2024,용인시 기흥구,보라동,12469,32927,16253,16674,32688,16131,16557,239,122,117,2.64,5703
2024,용인시 기흥구,기흥동,9096,21191,10529,10662,20924,10363,10561,267,166,101,2.33,4122
2024,용인시 기흥구,서농동,11242,26136,13210,12926,25005,12725,12280,1131,485,646,2.32,2549
2024,용인시 기흥구,구성동,15329,38904,18685,20219,38760,18635,20125,144,50,94,2.54,8212
2024,용인시 기흥구,마북동,13114,33828,16571,17257,33564,16434,17130,264,137,127,2.58,6770
2024,용인시 기흥구,동백1동,11591,31529,15082,16447,31398,15037,16361,131,45,86,2.72,3946
2024,용인시 기흥구,동백2동,9433,26575,12983,13592,26490,12942,13548,85,41,44,2.82,3449
2024,용인시 기흥구,동백3동,10125,26943,13095,13848,26823,13043,13780,120,52,68,2.66,4493
2024,용인시 기흥구,상하동,9173,23488,11429,12059,23229,11261,11968,259,168,91,2.56,4394
2024,용인시 기흥구,보정동,12881,34704,16981,17723,34457,16849,17608,247,132,115,2.69,6144
2024,용인시 수지구,풍덕천1동,15694,35400,17641,17759,34797,17359,17438,603,282,321,2.26,5676
2024,용인시 수지구,풍덕천2동,15396,41564,20444,21120,41320,20351,20969,244,93,151,2.7,4200
2024,용인시 수지구,신봉동,14740,41391,19921,21470,41248,19858,21390,143,63,80,2.81,6586
2024,용인시 수지구,죽전1동,10709,28421,13676,14745,28162,13584,14578,259,92,167,2.65,4852
2024,용인시 수지구,죽전2동,7625,17904,8807,9097,17805,8760,9045,99,47,52,2.35,2789
2024,용인시 수지구,죽전3동,10801,27536,13244,14292,26441,12835,13606,1095,409,686,2.55,3916
2024,용인시 수지구,동천동,19515,50990,25004,25986,50597,24816,25781,393,188,205,2.61,7185
2024,용인시 수지구,상현1동,6565,20015,9618,10397,19960,9597,10363,55,21,34,3.05,3077
2024,용인시 수지구,상현2동,11443,32946,15944,17002,32874,15918,16956,72,26,46,2.88,5452
2024,용인시 수지구,상현3동,11110,27614,13281,14333,27480,13241,14239,134,40,94,2.49,3570
2024,용인시 수지구,성복동,18783,54856,26409,28447,54667,26320,28347,189,89,100,2.92,9922
